Modelo,Formato,Respuesta,Tiempo de espera de usuario,Tiempo en procesar la solicitud,Tiempo que tarda en cargar el modelo,Tiempo que tarda el modelo en procesar la entrada,Tiempo que el modelo genera tokens,Tokens de entrada,Tokens de salida,Tokens generados por segundo,Correccion,Claridad,Completitud,ID,Categoria
Llama3,texto,La capital de España es Madrid.,7.631576061248779,7.6289087,1.3346029,0.146236,0.1556,19,8,51.41388174807199,10,10,10,1,Conocimiento general
Llama3,binary,"It looks like you've provided a binary code!

Let me decode it for you:

11000010 = H
10111111 = Y
01000011 = K
01110101 = r
11000011 = H
10100001 = a
01101100 = p
00100000 = (space)
01100101 = i
01110011 = n
00100000 = (space)
01101100 = p
01100001 = a
00100000 = (space)
01100011 = g
01100001 = a
01110000 = m
01101001 = s
01110100 = t
01100001 = e
01101100 = r
00100000 = (space)
01100100 = i
01100101 = n
00100000 = (space)
01000101 = s
01110011 = t
01110000 = o
01100001 = r
11000011 = H
10110001 = a
01100001 = p
00111111 = S

The decoded text is:

""Hello, page amster. I in store. Happy S""

It looks like a message from a binary-speaking friend!",17.57901382446289,17.5777682,11.540169,0.629182,5.404534,141,251,46.442486993328195,0,0,0,1,Conocimiento general
Llama3,hexa,"It looks like you've provided a string of characters that appears to be a mix of letters and numbers. However, I'm having trouble deciphering the meaning or purpose of this string.

Could you please provide more context or information about what this string represents? Is it a code, a password, or something else entirely?",11.75624394416809,11.7551971,10.1387102,0.244054,1.368726,43,65,47.48941716603615,0,0,10,1,Conocimiento general
Llama3,json,La capital de España es Madrid.,9.947007417678833,9.9454323,9.6662168,0.137451,0.13905,26,8,57.53326141675656,10,10,10,1,Conocimiento general
Llama3,csv,La capital de España es Madrid.,10.24376106262207,10.2422734,9.9536374,0.136747,0.148692,21,8,53.802491055335864,10,10,10,1,Conocimiento general
Llama3,xml,La capital de España es Madrid.,13.342275142669678,13.3402938,12.9440968,0.234341,0.158273,34,8,50.54557631434294,10,10,10,1,Conocimiento general
Llama3,html,La capital de España es Madrid.,10.50299620628357,10.5016087,10.1155471,0.239423,0.142973,42,8,55.954620802529156,10,10,10,1,Conocimiento general
Llama3,texto,"Christopher Columbus no descubrió América. Los habitantes indígenas americanos habían poblado el continente por miles de años antes de la llegada de los europeos.

Lo que sucedió es que Columbus, un navegante y explorador italiano, llegó a las Antillas en 1492, financiado por la Corona española. En su primer viaje, llegó a la isla de Guanahani, en el actual Bahamas, que llamó San Salvador. Sin embargo, no fue el primer europeo en llegar a América, ya que los vikingos noruegos habían llegado a Groenlandia y Canadá varios siglos antes.

La llegada de Columbus a América marcó el comienzo de la colonización europea en el continente, lo que tendría importantes consecuencias para los pueblos indígenas y la historia del mundo.",13.112923383712769,13.1117728,8.9014527,0.128803,4.078062,21,192,47.08118709328107,10,10,10,2,Conocimiento general
Llama3,binary,"It looks like you've provided a binary code!

Let me decode it for you:

11000010 = H
10111111 = Y
01000101 = a
01101110 = p
00100000 = (space)
01110001 = p
01110101 = q
11000011 = H
10101001 = Y
00100000 = (space)
01100001 = a
11000011 = H
10110001 = Y
01101111 = p
00100000 = (space)
01100100 = p
01100101 = q
01110011 = r
01100011 = p
01110101 = q
01100010 = p
01110010 = r
01101001 = a
11000011 = H
10110011 = Y
00100000 = (space)
01000011 = p
01101111 = p
01101100 = q
11000011 = H
10110011 = Y
01101110 = p
00100000 = (space)
01000001 = p
01101101 = q
11000011 = H
10101001 = Y
01110010 = r
01101001 = a
01100011 = p
01100001 = a
00111111 = S

The decoded text is:

""Happy papa pqr pqr pqr Happy Y p a H Y p p q p r a H Y p p q p r a a H Y p q p r a S""

It appears to be a mix of words and phrases, possibly a message or a joke.",15.327982425689697,15.3267336,6.5587098,0.723446,7.370687,177,338,45.85732646088485,0,0,10,2,Conocimiento general
Llama3,hexa,"It looks like you've provided a string of characters that appears to be a mix of letters and numbers. However, I'm not sure what you're trying to communicate or what the significance of this string is.

Could you please provide more context or clarify what you're trying to achieve? Are you trying to encode a message, or is this a random string? If you're trying to decode something, I'd be happy to help you with that!",9.280212879180908,9.278965,6.5487706,0.299265,1.939899,55,91,46.90965869872607,0,0,10,2,Conocimiento general
Llama3,json,"La respuesta correcta es: 1492.

Christopher Columbus (Colón en español) descubrió América en 1492, cuando llegó a las Bahamas, que entonces se llamaban Guanahani, después de un viaje financiado por la Corona española.",10.285489559173584,10.2841654,8.0409555,0.167581,1.234085,28,58,46.99838341767382,10,10,10,2,Conocimiento general
Llama3,csv,"Christopher Columbus no descubrió América. Los habitantes indígenas americanos habían poblado el continente por miles de años antes de la llegada de los europeos.

Lo que sucedió es que Columbus, un navegante y explorador italiano, partió en 1492 con tres naves (La Niña, La Pinta y El Santa María) desde España con el objetivo de encontrar una ruta marítima hacia Asia, pero terminó descubriendo las islas del Caribe, específicamente el archipiélago de las Bahamas, que llamó ""San Salvador"".

La fecha de este descubrimiento es el 12 de octubre de 1492. Sin embargo, es importante destacar que Columbus no fue el primer europeo en llegar a América. Los vikingos, por ejemplo, habían llegado a Groenlandia y Canadá varios siglos antes. Además, los portugueses ya habían explorado la costa oriental de América del Sur en la década de 1480.

En resumen, Columbus no descubrió América, sino que descubrió las islas del Caribe, que se convirtieron en el punto de partida para la colonización española en América.",17.63261580467224,17.6311432,6.5472988,0.160154,6.150042,23,263,42.763935595886984,10,10,10,2,Conocimiento general
Llama3,xml,"La respuesta correcta es que Cristóbal Colón no descubrió América. Lo que hizo fue llegar a las Antillas en 1492, lo que marcó el comienzo de la colonización europea de América.

El continente americano ya estaba habitado por miles de años por las culturas indígenas, y los vikingos, liderados por Leif Erikson, llegaron a lo que hoy es el estado de Nueva York en el año 1000.

Colón creía que había llegado a Asia, y no hasta después de su tercer viaje, en 1498, se dio cuenta de que había llegado a un nuevo continente.",12.749777793884277,12.7485118,6.9307687,0.17903,3.280059,36,145,44.206521894880545,10,10,10,2,Conocimiento general
Llama3,html,"La respuesta correcta es: 1492.

Christopher Columbus, un navegante y explorador italiano, descubrió América el 12 de octubre de 1492, cuando llegó a las costas de Guanahani, en el actual Bahamas, después de un viaje de tres meses desde España.",9.343001127243042,9.3415388,6.891666,0.273303,1.495946,44,66,44.119239598220794,10,10,10,2,Conocimiento general
Llama3,texto,El elemento químico que tiene el símbolo O es el Oxígeno.,8.116966962814331,8.1157752,6.9306668,0.141696,0.42597,23,20,46.951663262671076,10,10,10,3,Conocimiento general
Llama3,binary,"It looks like you've provided a binary code!

Let me decode it for you:

11000010 10111111 01010001 01110101 11000011 10101001 00100000 01100101 01101100 01100101 01101101 01100101 01101110 01110100 01101111 00100000 01110001 01110101 11000011 10101101 01101101 01101001 01100011 01101111 00100000 01110100 01101001 01100101 01101110 01100101 00100000 01100101 01101100 00100000 01110011 11000011 10101101 01101101 01100010 01101111 01101100 01101111 00100000 01001111 00111111

Decoded text:

""This is a test message. Hello, world! This is a test message. Hello, world! This is a test message. Hello, world!""

It looks like the code is a simple binary representation of text, where each binary sequence corresponds to a character or a group of characters.",14.36510705947876,14.3639245,6.5729665,0.814031,5.821502,189,259,44.49023636855231,0,0,10,3,Conocimiento general
Llama3,hexa,"It looks like you've provided a string of hexadecimal characters!

Let me decode it for you:

`c2bf5175c3a920656c656d656e746f207175c3ad6d69636f207469656e6520656c2073c3ad6d626f6c6f204f3f`

Decoded string:

`Hello from 2022, this is a test of encoding and decoding!`

It seems you've encoded a message using hexadecimal characters, and I've successfully decoded it for you!",10.610098361968994,10.6087584,6.5728343,0.311479,2.490213,62,115,46.18078855101953,0,0,10,3,Conocimiento general
Llama3,json,La respuesta es: Oxígeno.,9.924241065979004,9.9227277,6.851447,0.160237,0.207582,30,10,48.17373375340829,10,10,10,3,Conocimiento general
Llama3,csv,El elemento químico que tiene el símbolo O es el Oxígeno.,16.59968328475952,16.5981123,6.5952314,0.161806,0.413417,25,20,48.37730427147408,10,10,10,3,Conocimiento general
Llama3,xml,El elemento químico que tiene el símbolo O es el Oxígeno.,15.761855840682983,15.7600589,15.1100153,0.247058,0.399711,38,20,50.036151119183614,10,10,10,3,Conocimiento general
Llama3,html,La respuesta es: Oxígeno (O).,10.897330284118652,10.8950591,10.3628269,0.276593,0.252063,46,12,47.607145832589474,10,10,10,3,Conocimiento general
Llama3,texto,"Una pregunta clásica!

Al mezclar rojo y azul, se obtiene el color MORADO (o también conocido como púrpura).",10.550411224365234,10.549293,9.6847348,0.14156,0.719701,25,34,47.24184070884992,10,10,10,4,Conocimiento general
Llama3,binary,"A binary code!

This appears to be a text encoded in ASCII (American Standard Code for Information Interchange). ASCII is a character encoding standard that uses 7-bit binary codes to represent characters.

Here's the decoded text:

`Hello, World! This is a test.`

Here's how I decoded it:

1. I assumed the binary code was in ASCII format, which uses 8-bit codes (0-255).
2. I divided the binary code into 8-bit chunks, which correspond to individual ASCII characters.
3. I converted each 8-bit chunk to its corresponding ASCII character using a binary-to-ASCII converter or a lookup table.
4. I concatenated the decoded characters to form the original text.

If you'd like me to explain the decoding process in more detail or provide the step-by-step conversion, feel free to ask!",14.821003437042236,14.8189,10.2120447,0.850706,3.752447,197,172,45.83675665505735,0,0,10,4,Conocimiento general
Llama3,hexa,"It looks like you've provided a base64 encoded string!

Let me decode it for you...

`c2bf5175c3a920636f6c6f72207365206f627469656e6520616c206d657a636c617220726f6a6f207920617a756c3f`

Decoded string:

`Hello, world! How are you today?`

Is that what you were expecting?",9.595020055770874,9.5938276,6.8520143,0.303459,1.992182,60,94,47.18444399156302,0,0,0,4,Conocimiento general
Llama3,json,"La respuesta es: Verde!

Al mezclar rojo y azul, se obtiene un color verde.",7.648972749710083,7.6478132,6.6362853,0.154853,0.486111,32,23,47.31429652898206,10,10,10,4,Conocimiento general
Llama3,csv,"Una pregunta clásica!

Al mezclar rojo y azul, se obtiene el color MORADO.",18.651554822921753,18.6498261,6.8775129,0.165671,0.514696,27,24,46.62946671433234,10,10,10,4,Conocimiento general
Llama3,xml,"La respuesta es: Púrpura.

Al mezclar rojo y azul, se obtiene un color llamado púrpura, que es un tono oscuro y rico de morado.",15.881478786468506,15.8799622,14.73064,0.24012,0.905462,40,44,48.59397743914157,10,10,10,4,Conocimiento general
Llama3,html,"La respuesta correcta es: Púrpura.

Al mezclar rojo y azul, se obtiene un color llamado púrpura, que es un tono de morado o violeta.",11.19084620475769,11.1895513,9.9804047,0.253453,0.952402,48,45,47.248955798076864,10,10,10,4,Conocimiento general
Llama3,texto,"La respuesta es: la Luna!

La Luna es el satélite natural más grande y más cercano a la Tierra. Fue lanzado hace aproximadamente 4.5 mil millones de años, cuando la Tierra y la Luna se formaron a partir de un disco de material que rodeaba al Sol. La Luna orbita la Tierra a una distancia promedio de unos 384.000 kilómetros (238.900 millas) y tarda aproximadamente 27,3 días en completar una órbita alrededor de nuestro planeta.",12.10404920578003,12.1021337,9.3965335,0.120882,2.581717,24,120,46.48069482441337,10,10,10,5,Conocimiento general
Llama3,binary,"It looks like you've provided a binary code!

Let me decode it for you:

11000010 = ""V""
10111111 = ""W""
01000011 = ""K""
01110101 = ""q""
11000011 = ""V""
10100001 = ""W""
01101100 = ""p""
00100000 = "" ""
01100101 = ""a""
01110011 = ""r""
00100000 = "" ""
01100101 = ""a""
01101100 = ""p""
00100000 = "" ""
01110011 = ""r""
01100001 = ""a""
01110100 = ""q""
11000011 = ""V""
10101001 = ""W""
01101100 = ""p""
01101001 = ""l""
01110100 = ""q""
01100101 = ""a""
00100000 = "" ""
01101110 = ""p""
01100001 = ""a""
01110100 = ""q""
01110101 = ""q""
01110010 = ""p""
01100001 = ""a""
00100000 = "" ""
01100100 = ""a""
01100101 = ""a""
00100000 = "" ""
01001100 = ""k""
01100001 = ""a""
00100000 = "" ""
01010100 = ""d""
01101001 = ""l""
01100101 = ""a""
01110010 = ""p""
01110010 = ""p""
01100001 = ""a""
00111111 = ""S""

The decoded text is: ""V W K q V W p a r a p a q V W p l q a p a q p a a k a d l a p p a S""

It appears to be a mix of letters and spaces, possibly a message or a phrase.",18.300718069076538,18.2993647,9.3183912,0.720447,8.257308,189,378,45.77763116017957,0,0,10,5,Conocimiento general
Llama3,hexa,"It looks like you've provided a string of characters that appears to be a mix of letters and numbers. However, I'm not sure what you're trying to communicate or what the significance of this string is.

Could you please provide more context or clarify what you're trying to achieve? Are you trying to decode or encrypt a message, or is this a random string of characters? I'm here to help and provide assistance if I can!",10.130301475524902,10.1287296,6.8515199,0.301195,1.9145,53,89,46.487333507443196,0,0,0,5,Conocimiento general
Llama3,json,"La respuesta correcta es: ""La Luna"".",9.052972078323364,9.0516079,6.5988336,0.173452,0.226013,31,11,48.66976678332662,10,10,10,5,Conocimiento general
Llama3,csv,"La respuesta es: La Luna.

La Luna es el satélite natural más grande y más cercano a la Tierra, y es el único satélite natural que orbita nuestro planeta. La Luna se encuentra a una distancia media de aproximadamente 384.000 kilómetros (238.900 millas) de la Tierra y tiene un diámetro de aproximadamente 2.159 millas (3.475 kilómetros).",17.366568088531494,17.3652862,6.6064453,0.163547,2.007516,26,94,46.824035275434916,10,10,10,5,Conocimiento general
Llama3,xml,La respuesta es: La Luna.,9.001952171325684,9.0005631,6.628355,0.27251,0.162073,39,8,49.36047336693959,10,10,10,5,Conocimiento general
Llama3,html,La respuesta correcta es: La Luna.,10.541758298873901,10.540482,6.8640902,0.293101,0.192645,47,10,51.90895169872044,10,10,10,5,Conocimiento general
Llama3,texto,"¡ fácil!

25 x 44 = 1100",10.491709232330322,10.4902788,6.5893993,0.140872,0.239363,21,12,50.1330615007332,10,10,10,6,Analisis Matematico
Llama3,binary,"It looks like you're trying to communicate in binary code!

Let me help you decode it:

11000010 = 1 (hex) = 26 (decimal) = ""Z""
10111111 = 1 (hex) = 255 (decimal) = ""Y""
01000011 = 1 (hex) = 19 (decimal) = ""S""
01110101 = 1 (hex) = 137 (decimal) = ""R""
11000011 = 1 (hex) = 26 (decimal) = ""Z""
10100001 = 1 (hex) = 161 (decimal) = ""T""
01101110 = 1 (hex) = 122 (decimal) = ""m""
01110100 = 1 (hex) = 136 (decimal) = ""R""
01101111 = 1 (hex) = 123 (decimal) = ""m""
00100000 = 0 (hex) = 0 (decimal) = "" "" (space)
01100101 = 1 (hex) = 109 (decimal) = ""i""
01110011 = 1 (hex) = 119 (decimal) = ""s""
00100000 = 0 (hex) = 0 (decimal) = "" "" (space)
00110010 = 1 (hex) = 14 (decimal) = ""D""
00110101 = 1 (hex) = 17 (decimal) = ""G""
00100000 = 0 (hex) = 0 (decimal) = "" "" (space)
01111000 = 1 (hex) = 112 (decimal) = ""p""
00100000 = 0 (hex) = 0 (decimal) = "" "" (space)
00110100 = 1 (hex) = 16 (decimal) = ""F""
00110100 = 1 (hex) = 16 (decimal) = ""F""
00111111 = 1 (hex) = 31 (decimal) = ""7""

Decoded message:

""ZYRSZ T m R m  i s  D G  p  F F 7""

It looks like you're trying to convey a message in binary code!",21.309104919433594,21.3079793,10.6730919,0.443192,10.188378,93,467,45.8365404188969,0,0,10,6,Analisis Matematico
Llama3,hexa,"It looks like you've provided a hexadecimal code!

Let me decode it for you...

`c2bf4375c3a16e746f20657320323520782034343f`

Decoded text:

`Hello 235 from 4`

Is that what you were expecting?",10.920897006988525,10.9194593,6.8466811,0.180768,1.297037,31,60,46.25928173213254,0,1,10,6,Analisis Matematico
Llama3,json,La respuesta es: 25 x 44 = 1100,9.181228637695312,9.1800824,6.8891054,0.157707,0.281674,28,14,49.70284797318887,10,10,10,6,Analisis Matematico
Llama3,csv,La respuesta es: 25 x 44 = 1100,18.770076513290405,18.7688369,6.8982757,0.151821,0.284502,23,14,49.20879290830997,10,10,10,6,Analisis Matematico
Llama3,xml,La respuesta es: 25 x 44 = 1100,16.351253986358643,16.3496842,15.8201883,0.24516,0.281081,36,14,49.8077066753,10,10,10,6,Analisis Matematico
Llama3,html,"A math problem!

According to my calculations, 25 x 44 is equal to... (drumroll please)... 1100!

So, the answer is: 1100",10.867623567581177,10.866181,9.8094415,0.251695,0.801824,44,38,47.39194636229397,10,10,10,6,Analisis Matematico
Llama3,texto,"Para resolver la ecuación, podemos restar 3 de ambos lados:

2X + 3 = 5

Restar 3:

2X = 5 - 3
2X = 2

Luego, podemos dividir ambos lados por 2:

X = 2/2
X = 1

Por lo tanto, la solución de la ecuación es X = 1.",12.167874813079834,12.1663225,10.1052096,0.136313,1.921115,26,90,46.84779411956078,10,10,10,7,Analisis Matematico
Llama3,binary,"It looks like you're speaking in binary code!

Let me translate it for you:

""Hello, how are you? I'm an AI, nice to meet you!""

Here's the breakdown:

* `01010010` = H
* `01100101` = e
* `01110011` = l
* `01110101` = l
* `01100101` = o
* `01101100` = ,
* `01110110` =  (space)
* `01100101` = h
* `00100000` = (newline)
* `01101100` = H
* `01100001` = o
* `00100000` = (newline)
* `01100101` = I
* `01100011` = 'm
* `01110101` = a
* `01100001` = n
* `01100011` = A
* `01101001` = I
* `11000011` = , (comma)
* `10110011` = n
* `01101110` = i
* `00111010` = c
* `00100000` = (newline)
* `00110010` = t
* `01011000` = o
* `00100000` = (newline)
* `00101011` = m
* `00100000` = (newline)
* `00110011` = e
* `00100000` = (newline)
* `00111101` = e
* `00100000` = (newline)
* `00110101` = t
* `00100000` = (newline)

I hope that helps!",18.34052276611328,18.3391779,9.7734908,0.626045,7.935669,141,363,45.74283529214739,0,0,0,7,Analisis Matematico
Llama3,hexa,"It looks like you've provided a base64 encoded string!

Let me decode it for you...

`52657375656c7665206c6120656375616369c3b36e3a203258202b2033203d2035`

Decoded string:

`Hello, world! This is a test string.`

Is that what you were expecting?",10.845350742340088,10.8439921,6.8392538,0.276459,1.640786,42,77,46.92872806081963,0,0,10,7,Analisis Matematico
Llama3,json,"¡Vamos a resolver la ecuación!

La ecuación es: 2X + 3 = 5

Primero, podemos restar 3 a ambos lados de la ecuación para aislar el término con la variable X:

2X + 3 - 3 = 5 - 3
2X = 2

Luego, podemos dividir ambos lados de la ecuación por 2 para encontrar el valor de X:

2X / 2 = 2 / 2
X = 1

¡Lo hemos resuelto! La solución de la ecuación es X = 1.",10.74656367301941,10.7452307,6.8595245,0.167392,2.977372,34,138,46.349599579763634,10,10,10,7,Analisis Matematico
Llama3,csv,"¡Claro! Para resolver la ecuación 2X + 3 = 5, podemos seguir los siguientes pasos:

1. Isolamos la variable X al otro lado de la ecuación, es decir, nos aseguramos que X esté sola en un lado de la ecuación.

2X + 3 = 5

Restamos 3 a ambos lados de la ecuación:

2X = 5 - 3
2X = 2

2. Dividimos ambos lados de la ecuación por 2 para encontrar el valor de X:

X = 2/2
X = 1

Por lo tanto, la solución de la ecuación es X = 1.",1053.3538744449615,1053.3517717,6.8837327,0.166022,3.978338,29,157,39.46371575265852,10,10,10,7,Analisis Matematico
Llama3,xml,"¡Claro! Para resolver la ecuación 2X + 3 = 5, podemos seguir los siguientes pasos:

1. Isolamos la variable X al otro lado de la ecuación, es decir, nos aseguramos que X esté sola en un lado de la ecuación.

2X + 3 = 5

Restamos 3 a ambos lados de la ecuación:

2X = 5 - 3
2X = 2

2. Dividimos ambos lados de la ecuación por 2 para encontrar el valor de X:

X = 2/2
X = 1

Por lo tanto, la solución de la ecuación es X = 1.",39.734959840774536,39.7329944,35.7458358,0.266355,3.71687,42,157,42.23984158714187,10,10,10,7,Analisis Matematico
Llama3,html,"¡Claro! Para resolver la ecuación 2X + 3 = 5, podemos seguir los siguientes pasos:

1. Isolamos la variable X al otro lado de la ecuación:

2X = 5 - 3
2X = 2

2. Dividimos ambos lados de la ecuación por 2:

X = 2/2
X = 1

Por lo tanto, la solución de la ecuación es X = 1.",15.088237285614014,15.0860441,12.2899938,0.287617,2.503427,50,107,42.7414100750691,10,10,10,7,Analisis Matematico
Llama3,texto,"Fácil!

El área de un cuadrado se calcula multiplicando el lado por sí mismo. En este caso, el lado es de 5 metros, así que:

Área = lado × lado
= 5 m × 5 m
= 25 m²

Así que el área del cuadrado es de 25 metros cuadrados.",10.519930124282837,10.5184544,7.777058,0.17368,1.773016,25,77,43.428824105366225,10,10,10,8,Analisis Matematico
Llama3,binary,"It looks like you're speaking in binary code!

Let me translate it for you:

""Hello, how are you? I'm doing well. What about you?""

Here's the breakdown:

* `01000011` = H
* `01100001` = e
* `01101100` = l
* `01100011` = l
* `01110101` = o
* `01101100` = h
* `01100001` = e
* `00100000` = (space)
* `01100101` = w
* `01101100` = h
* `00100000` = (space)
* `11000011` = I
* `10100001` = 'm
* `01110010` = d
* `01100101` = o
* `01100001` = i
* `00100000` = (space)
* `01100100` = w
* `01100101` = e
* `00100000` = (space)
* `01110101` = l
* `01101110` = l
* `00100000` = (space)
* `01100011` = w
* `01110101` = h
* `01100001` = a
* `01100100` = t
* `01110010` = a
* `01100001` = b
* `01100100` = o
* `01101111` = u
* `00100000` = (space)
* `01100100` = I
* `01100101` = 'm
* `00100000` = (space)
* `00110101` = d
* `00100000` = (space)
* `01101101` = w
* `00100000` = (space)
* `01100100` = e
* `01100101` = l
* `00100000` = (space)
* `01101100` = l
* `01100001` = e
* `01100100` = t
* `01101111` = t

Let me know if you have any other binary messages you'd like me to translate!",21.115219831466675,21.1127207,7.867401,0.858088,11.75044,193,482,41.019740537375625,0,0,0,8,Analisis Matematico
Llama3,hexa,"A encoded message!

After decoding, I got:

""Hello, my dear friend, how are you today?""

The encoding scheme appears to be a simple substitution cipher, where each letter is replaced by a letter a fixed number of positions down the alphabet. In this case, it seems to be a Caesar cipher with a shift of 3 positions.",10.465746879577637,10.4641075,7.8165725,0.31163,1.651927,51,70,42.37475384808167,0,0,10,8,Analisis Matematico
Llama3,json,"¡Claro!

Para calcular el área de un cuadrado, necesitamos utilizar la fórmula:

Área = lado × lado

En este caso, el lado del cuadrado es de 5 metros, por lo que:

Área = 5 m × 5 m = 25 m²

Por lo tanto, el área del cuadrado es de 25 metros cuadrados.",13.374590873718262,13.3728668,7.7874998,0.192568,2.046612,33,87,42.50927874946497,10,10,10,8,Analisis Matematico
Llama3,csv,"¡Claro!

El área de un cuadrado se calcula multiplicando el lado por sí mismo. En este caso, el lado del cuadrado es de 5 metros, por lo que:

Área = lado × lado
= 5 m × 5 m
= 25 m²

Por lo tanto, el área del cuadrado es de 25 metros cuadrados.",15.084193468093872,15.0825523,12.9705153,0.152701,1.955052,28,84,42.965609098888415,10,10,10,8,Analisis Matematico
Llama3,xml,"¡Claro!

Para calcular el área de un cuadrado, necesitamos utilizar la fórmula:

Área = lado × lado

En este caso, el lado del cuadrado es de 5 metros, por lo que:

Área = 5 m × 5 m = 25 m²

Por lo tanto, el área del cuadrado es de 25 metros cuadrados.",23.473952770233154,23.4722963,21.0665803,0.271427,2.130989,41,87,40.82611407191684,10,10,10,8,Analisis Matematico
Llama3,html,"¡Claro!

Para calcular el área de un cuadrado, necesitamos utilizar la fórmula:

Área = lado × lado

En este caso, el lado del cuadrado es de 5 metros, por lo que:

Área = 5 m × 5 m = 25 m²

Así que el área del cuadrado es de 25 metros cuadrados.",14.022562026977539,14.0214701,11.7075805,0.281171,2.028633,49,86,42.393079477658105,10,10,10,8,Analisis Matematico
Llama3,texto,"La raíz cuadrada de 10000 es 100, ya que 100 × 100 = 10000.",13.44053339958191,13.438861,12.6545412,0.151459,0.62941,26,28,44.48610603581131,10,10,10,9,Analisis Matematico
Llama3,binary,"It looks like you've provided a binary code!

Let me decode it for you:

11000010 = H
10111111 = Y
01000011 = K
01110101 = r
11000011 = H
10100001 = Y
01101100 = p
00100000 = (space)
01100101 = i
01110011 = q
00100000 = (space)
01101100 = p
01100001 = a
00100000 = (space)
01110010 = s
01100001 = a
11000011 = H
10101101 = W
01111010 = t
00100000 = (space)
01100011 = p
01110101 = r
01100001 = a
01100100 = t
01110010 = s
01100001 = a
01100100 = t
01100001 = a
00100000 = (space)
01100100 = i
01100101 = i
00100000 = (space)
00110001 = d
00110000 = d
00110000 = d
00110000 = d
00111111 = S

The decoded text is:

""Hey, How are you? Part of that is a hat. That is a part of that is a part of that is a part of that is a part of that is a part of that is a part of that is a part of that is a part of that is a part of that is a part of that is a part of that is a part of that is a part of that is a part of that is a part of that is a part of that is a part of that is a part of that is a part of that is a part of that is a part of that is a part of that is a part of that is a part of that is a part of that is a part of that is a part of that is a part of that is a part of that is a part of that is a part of that is a part of that is a part of that is a part of that is a part of that is a part of that is a part of that is a part of that is a part of that is a part of that is a part of that is a part of that is a part of that is a part of that is a part of that is a part of that is a part of that is a part of that is a part of that is a part of that is a part of that is a part of that is a part of that is a part of that is a part of that is a part of that is a part of that is a part of that is a part of that is a part of that is a part of that is a part of that is a part of that is a part of that is a part of that is a part of that is a part of that is a part of that is a part of that is a part of that is a part of that is a part of that is a part of that is a part of that is a part of that is a part of that is a part of that is a part of that is a part of that is a part of that is a part of that is a part of that is a part of that is a part of that is a part of that is a part of that is a part of that is a part of that is a part of that is a part of that is a part of that is a part of that is a part of that is a part of that is a part of that is a part of that is a part of that is a part of that is a part of that is a part of that is a part of that is a part of that is a part of that is a part of that is a part of that is a part of that is a part of that is a part of that is a part of that is a part of that is a part of that is a part of that is a part of that is a part of that is a part of that is a part of that is a part of that is a part of that is a part of that is a part of that is a part of that is a part of that is a part of that is a part of that is a part of that is a part of that is a part of that is a part of that is a part of that is a part of that is a part of that is a part of that is a part of that is a part of that is a part of that is a part of that is a part of that is a part of that is a part of that is a part of that is a part of that is a part of that is a part of that is a part of that is a part of that is a part of that is a part of that is a part of that is a part of that is a part of that is a part of that is a part of that is a part of that is a part of that is a part of that is a part of that is a part of that is a part of that is a part of that is a part of that is a part of that is a part of that is a part of that is a part of that is a part of that is a part of that is a part of that is a part of that is a part of that is a part of that is a part of that is a part of that is a part of that is a part of that is a part of that is a part of that is a part of that is a part of that is a part of that is a part of that is a part of that is a part of that is a part of that is a part of that is a part of that is a part of that is a part of that is a part of that is a part of that is a part of that is a part of that is a part of that is a part of that is a part of that is a part of that is a part of that is a part of that is a part of that is a part of that is a part of that is a part of that is a part of that is a part of that is a part of that is a part of that is a part of that is a part of that is a part of that is a part of that is a part of that is a part of that is a part of that is a part of that is a part of that is a part of that is a part of that is a part of that is a part of that is a part of that is a part of that is a part of that is a part of that is a part of that is a part of that is a part of that is a part of that is a part of that is a part of that is a part of that is a part of that is a part of that is a part of that is a part of that is a part of that is a part of that is a part of that is a part of that is a part of that is a part of that is a part of that is a part of that is a part of that is a part of that is a part of that is a part of that is a part of that is a part of that is a part of that is a part of that is a part of that is a part of that is a part of that is a part of that is a part of that is a part of that is a part of that is a part of that is a part of that is a part of that is a part of that is a part of that is a part of that is a part of that is a part of that is a part of that is a part of that is a part of that is a part of that is a part of that is a part of that is a part of that is a part of that is a part of that is a part of that is a part of that is a part of that is a part of that is a part of that is a part of that is a part of that is a part of that is a part of that is a part of that is a part of that is a part of that is a part of that is a part of that is a part of that is a part of that is a part of that is a part of that is a part of that is a part of that is a part of that is a part of that is a part of that is a part of that is a part of that is a part of that is a part of that is a part of that is a part of that is a part of that is a part of that is a part of that is a part of that is a part of that is a part of that is a part of that is a part of that is a part of that is a part of that is a part of that is a part of that is a part of that is a part of that is a part of that is a part of that is a part of that is a part of that is a part of that is a part of that is a part of that is a part of that is a part of that is a part of that is a part of that is a part of that is a part of that is a part of that is a part of that is a part of that is a part of that is a part of that is a part of that is a part of that is a part of that is a part of that is a part of that is a part of that is a part of that is a part of that is a part of that is a part of that is a part of that is a part of that is a part of that is a part of that is a part of that is a part of that is a part of that is a part of that is a part of that is a part of that is a part of that is a part of that is a part of that is a part of that is a part of that is a part of that is a part of that is a part of that is a part of that is a part of that is a part of that is a part of that is a part of that is a part of that is a part of that is a part of that is a part of that is a part of that is a part of that is a part of that is a part of that is a part of that is a part of that is a part of that is a part of that is a part of that is a part of that is a part of that is a part of that is a part of that is a part of that is a part of that is a part of that is a part of that is a part of that is a part of that is a part of that is a part of that is a part of that is a part of that is a part of that is a part of that is a part of that is a part of that is a part of that is a part of that is a part of that is a part of that is a part of that is a part of that is a part of that is a part of that is a part of that is a part of that is a part of that is a part of that is a part of that is a part of that is a part of that is a part of that is a part of that is a part of that is a part of that is a part of that is a part of that is a part of that is a part of that is a part of that is a part of that is a part of that is a part of that is a part of that is a part of that is a part of that is a part of that is a part of that is a part of that is a part of that is a part of that is a part of that is a part of that is a part of that is a part of that is a part of that is a part of that is a part of that is a part of that is a part of that is a part of that is a part of that is a part of that is a part of that is a part of that is a part of that is a part of that is a part of that is a part of that is a part of that is a part of that is a part of that is a part of that is a part of that is a part of that is a part of that is a part of that is a part of that is a part of that is a part of that is a part of that is a part of that is a part of that is a part of that is a part of that is a part of that is a part of that is a part of that is a part of that is a part of that is a part of that is a part of that is a part of that is a part of that is a part of that is a part of that is a part of that is a part of that is a part of that is a part of that is a part of that is a part of that is a part of that is a part of that is a part of that is a part of that is a part of that is a part of that is a part of that is a part of that is a part of that is a part of that is a part of that is a part of that is a part of that is a part of that is a part of that is a part of that is a part of that is a part of that is a part of that is a part of that is a part of that is a part of that is a part of that is a part of that is a part of that is a part of that is a part of that is a part of that is a part of that is a part of that is a part of that is a part of that is a part of that is a part of that is a part of that is a part of that is a part of that is a part of that is a part of that is a part of that is a part of that is a part of that is a part of that is a part of that is a part of that is a part of that is a part of that is a part of that is a part of that is a part of that is a part of that is a part of that is a part of that is a part of that is a part of that is a part of that is a part of that is a part of that is a part of that is a part of that is a part of that is a part of that is a part of that is a part of that is a part of that is a part of that is a part of that is a part of that is a part of that is a part of that is a part of that is a part of that is a part of that is a part of that is a part of that is a part of that is a part of that is a part of that is a part of that is a part of that is a part of that is a part of that is a part of that is a part of that is a part of that is a part of that is a part of that is a part of that is a part of that is a part of that is a part of that is a part of that is a part of that is a part of that is a part of that is a part of that is a part of that is a part of that is a part of that is a part of that is a part of that is a part of that is a part of that is a part of that is a part of that is a part of that is a part of that is a part of that is a part of that is a part of that is a part of that is a part of that is a part of that is a part of that is a part of that is a part of that is a part of that is a part of that is a part of that is a part of that is a part of that is a part of that is a part of that is a part of that is a part of that is a part of that is a part of that is a part of that is a part of that is a part of that is a part of that is a part of that is a part of that is a part of that is a part of that is a part of that is a part of that is a part of that is a part of that is a part of that is a part of that is a part of that is a part of that is a part of that is a part of that is a part of that is a part of that is a part of that is a part of that is a part of that is a part of that is a part of that is a part of that is a part of that is a part of that is a part of that is a part of that is a part of that is a part of that is a part of that is a part of that is a part of that is a part of that is a part of that is a part of that is a part of that is a part of that is a part of that is a part of that is a part of that is a part of that is a part of that is a part of that is a part of that is a part of that is a part of that is a part of that is a part of that is a part of that is a part of that is a part of that is a part of that is a part of that is a part of that is a part of that is a part of that is a part of that is a part of that is a part of that is a part of that is a part of that is a part of that is a part of that is a part of that is a part of that is a part of that is a part of that is a part of that is a part of that is a part of that is a part of that is a part of that is a part of that is a part of that is a part of that is a part of that is a part of that is a part of that is a part of that is a part of that is a part of that is a part of that is a part of that is a part of that is a part of that is a part of that is a part of that is a part of that is a part of that is a part of that is a part of that is a part of that is a part of that is a part of that is a part of that is a part of that is a part of that is a part of that is a part of that is a part of that is a part of that is a part of that is a part of that is a part of that is a part of that is a part of that is a part of that is a part of that is a part of that is a part of that is a part of that is a part of that is a part of that is a part of that is a part of that is a part of that is a part of that is a part of that is a part of that is a part of that is a part of that is a part of that is a part of that is a part of that is a part of that is a part of that is a part of that is a part of that is a part of that is a part of that is a part of that is a part of that is a part of that is a part of that is a part of that is a part of that is a part of that is a part of that is a part of that is a part of that is a part of that is a part of that is a part of that is a part of that is a part of that is a part of that is a part of that is a part of that is a part of that is a part of that is a part of that is a part of that is a part of that is a part of that is a part of that is a part of that is a part of that is a part of that is a part of that is a part of that is a part of that is a part of that is a part of that is a part of that is a part of that is a part of that is a part of that is a part of that is a part of that is a part of that is a part of that is a part of that is a part of that is a part of that is a part of that is a part of that is a part of that is a part of that is a part of that is a part of that is a part of that is a part of that is a part of that is a part of that is a part of that is a part of that is a part of that is a part of that is a part of that is a part of that is a part of that is a part of that is a part of that is a part of that is a part of that is a part of that is a part of that is a part of that is a part of that is a part of that is a part of that is a part of that is a part of that is a part of that is a part of that is a part of that is a part of that is a part of that is a part of that is a part of that is a part of that is a part of that is a part of that is a part of that is a part of that is a part of that is a part of that is a part of that is a part of that is a part of that is a part of that is a part of that is a part of that is a part of that is a part of that is a part of that is a part of that is a part of that is a part of that is a part of that is a part of that is a part of that is a part of that is a part of that is a part of that is a part of that is a part of that is a part of that is a part of that is a part of that is a part of that is a part of that is a part of that is a part of that is a part of that is a part of that is a part of that is a part of that is a part of that is a part of that is a part of that is a part of that is a part of that is a part of that is a part of that is a part of that is a part of that is a part of that is a part of that is a part of that is a part of that is a part of that is a part of that is a part of that is a part of that is a part of that is a part of that is a part of that is a part of that is a part of that is a part of that is a part of that is a part of that is a part of that is a part of that is a part of that is a part of that is a part of that is a part of that is a part of that is a part of that is a part of that is a part of that is a part of that is a part of that is a part of that is a part of that is a part of that is a part of that is a part of that is a part of that is a part of that is a part of that is a part of that is a part of that is a part of that is a part of that is a part of that is a part of that is a part of that is a part of that is a part of that is a part of that is a part of that is a part of that is a part of that is a part of that is a part of that is a part of that is a part of that is a part of that is a part of that is a part of that is a part of that is a part of that is a part of that is a part of that is a part of that is a part of that is a part of that is a part of that is a part of that is a part of that is a part of that is a part of that is a part of that is a part of that is a part of that is a part of that is a part of that is a part of that is a part of that is a part of that is a part of that is a part of that is a part of that is a part of that is a part of that is a part of that is a part of that is a part of that is a part of that is a part of that is a part of that is a part of that is a part of that is a part of that is a part of that is a part of that is a part of that is a part of that is a part of that is a part of that is a part of that is a part of that is a part of that is a part of that is a part of that is a part of that is a part of that is a part of that is a part of that is a part of that is a part of that is a part of that is a part of that is a part of that is a part of that is a part of that is a part of that is a part of that is a part of that is a part of that is a part of that is a part of that is a part of that is a part of that is a part of that is a part of that is a part of that is a part of that is a part of that is a part of that is a part of that is a part of that is a part of that is a part of that is a part of that is a part of that is a part of that is a part of that is a part of that is a part of that is a part of that is a part of that is a part of that is a part of that is a part of that is a part of that is a part of that is a part of that is a part of that is a part of that is a part of that is a part of that is a part of that is a part of that is a part of that is a part of that is a part of that is a part of that is a part of that is a part of that is a part of that is a part of that is a part of that is a part of that is a part of that is a part of that is a part of that is a part of that is a part of that is a part of that is a part of that is a part of that is a part of that is a part of that is a part of that is a part of that is a part of that is a part of that is a part of that is a part of that is a part of that is a part of that is a part of that is a part of that is a part of that is a part of that is a part of that is a part of that is a part of that is a part of that is a part of that is a part of that is a part of that is a part of that is a part of that is a part of that is a part of that is a part of that is a part of that is a part of that is a part of that is a part of that is a part of that is a part of that is a part of that is a part of that is a part of that is a part of that is a part of that is a part of that is a part of that is a part of that is a part of that is a part of that is a part of that is a part of that is a part of that is a part of that is a part of that is a part of that is a part of that is a part of that is a part of that is a part of that is a part of that is a part of that is a part of that is a part of that is a part of that is a part of that is a part of that is a part of that is a part of that is a part of that is a part of that is a part of that is a part of that is a part of that is a part of that is a part of that is a part of that is a part of that is a part of that is a part of that is a part of that is a part of that is a part of that is a part of that is a part of that is a part of that is a part of that is a part of that is a part of that is a part of that is a part of that is a part of that is a part of that is a part of that is a part of that is a part of that is a part of that is a part of that is a part of that is a part of that is a part of that is a part of that is a part of that is a part of that is a part of that is a part of that is a part of that is a part of that is a part of that is a part of that is a part of that is a part of that is a part of that is a part of that is a part of that is a part of that is a part of that is a part of that is a part of that is a part of that is a part of that is a part of that is a part of that is a part of that is a part of that is a part of that is a part of that is a part of that is a part of that is a part of that is a part of that is a part of that is a part of that is a part of that is a part of that is a part of that is a part of that is a part of that is a part of that is a part of that is a part of that is a part of that is a part of that is a part of that is a part of that is a part of that is a part of that is a part of that is a part of that is a part of that is a part of that is a part of that is a part of that is a part of that is a part of that is a part of that is a part of that is a part of that is a part of that is a part of that is a part of that is a part of that is a part of that is a part of that is a part of that is a part of that is a part of that is a part of that is a part of that is a part of that is a part of that is a part of that is a part of that is a part of that is a part of that is a part of that is a part of that is a part of that is a part of that is a part of that is a part of that is a part of that is a part of that is a part of that is a part of that is a part of that is a part of that is a part of that is a part of that is a part of that is a part of that is a part of that is a part of that is a part of that is a part of that is a part of that is a part of that is a part of that is a part of that is a part of that is a part of that is a part of that is a part of that is a part of that is a part of that is a part of that is a part of that is a part of that is a part of that is a part of that is a part of that is a part of that is a part of that is a part of that is a part of that is a part of that is a part of that is a part of that is a part of that is a part of that is a part of that is a part of that is a part of that is a part of that is a part of that is a part of that is a part of that is a part of that is a part of that is a part of that is a part of that is a part of that is a part of that is a part of that is a part of that is a part of that is a part of that is a part of that is a part of that is a part of that is a part of that is a part of that is a part of that is a part of that is a part of that is a part of that is a part of that is a part of that is a part of that is a part of that is a part of that is a part of that is a part of that is a part of that is a part of that is a part of that is a part of that is a part of that is a part of that is a part of that is a part of that is a part of that is a part of that is a part of that is a part of that is a part of that is a part of that is a part of that is a part of that is a part of that is a part of that is a part of that is a part of that is a part of that is a part of that is a part of that is a part of that is a part of that is a part of that is a part of that is a part of that is a part of that is a part of that is a part of that is a part of that is a part of that is a part of that is a part of that is a part of that is a part of that is a part of that is a part of that is a part of that is a part of that is a part of that is a part of that is a part of that is a part of that is a part of that is a part of that is a part of that is a part of that is a part of that is a part of that is a part of that is a part of that is a part of that is a part of that is a part of that is a part of that is a part of that is a part of that is a part of that is a part of that is a part of that is a part of that is a part of that is a part of that is a part of that is a part of that is a part of that is a part of that is a part of that is a part of that is a part of that is a part of that is a part of that is a part of that is a part of that is a part of that is a part of that is a part of that is a part of that is a part of that is a part of that is a part of that is a part of that is a part of that is a part of that is a part of that is a part of that is a part of that is a part of that is a part of that is a part of that is a part of that is a part of that is a part of that is a part of that is a part of that is a part of that is a part of that is a part of that is a part of that is a part of that is a part of that is a part of that is a part of that is a part of that is a part of that is a part of that is a part of that is a part of that is a part of that is a part of that is a part of that is a part of that is a part of that is a part of that is a part of that is a part of that is a part of that is a part of that is a part of that is a part of that is a part of that is a part of that is a part of that is a part of that is a part of that is a part of that is a part of that is a part of that is a part of that is a part of that is a part of that is a part of that is a part of that is a part of that is a part of that is a part of that is a part of that is a part of that is a part of that is a part of that is a part of that is a part of that is a part of that is a part of that is a part of that is a part of that is a part of that is a part of that is a part of that is a part of that is a part of that is a part of that is a part of that is a part of that is a part of that is a part of that is a part of that is a part of that is a part of that is a part of that is a part of that is a part of that is a part of that is a part of that is a part of that is a part of that is a part of that is a part of that is a part of that is a part of that is a part of that is a part of that is a part of that is a part of that is a part of that is a part of that is a part of that is a part of that is a part of that is a part of that is a part of that is a part of that is a part of that is a part of that is a part of that is a part of that is a part of that is a part of that is a part of that is a part of that is a part of that is a part of that is a part of that is a part of that is a part of that is a part of that is a part of that is a part of that is a part of that is a part of that is a part of that is a part of that is a part of that is a part of that is a part of that is a part of that is a part of that is a part of that is a part of that is a part of that is a part of that is a part of that is a part of that is a part of that is a part of that is a part of that is a part of that is a part of that is a part of that is a part of that is a part of that is a part of that is a part of that is a part of that is a part of that is a part of that is a part of that is a part of that is a part of that is a part of that is a part of that is a part of that is a part of that is a part of that is a part of that is a part of that is a part of that is a part of that is a part of that is a part of that is a part of that is a part of that is a part of that is a part of that is a part of that is a part of that is a part of that is a part of that is a part of that is a part of that is a part of that is a part of that is a part of that is a part of that is a part of that is a part of that is a part of that is a part of that is a part of that is a part of that is a part of that is a part of that is a part of that is a part of that is a part of that is a part of that is a part of that is a part of that is a part of that is a part of that is a part of that is a part of that is a part of that is a part of that is a part of that is a part of that is a part of that is a part of that is a part of that is a part of that is a part of that is a part of that is a part of that is a part of that is a part of that is a part of that is a part of that is a part of that is a part of that is a part of that is a part of that is a part of that is a part of that is a part of that is a part of that is a part of that is a part of that is a part of that is a part of that is a part of that is a part of that is a part of that is a part of that is a part of that is a part of that is a part of that is a part of that is a part of that is a part of that is a part of that is a part of that is a part of that is a part of that is a part of that is a part of that is a part of that is a part of that is a part of that is a part of that is a part of that is a part of that is a part of that is a part of that is a part of that is a part of that is a part of that is a part of that is a part of that is a part of that is a part of that is a part of that is a part of that is a part of that is a part of that is a part of that is a part of that is a part of that is a part of that is a part of that is a part of that is a part of that is a part of that is a part of that is a part of that is a part of that is a part of that is a part of that is a part of that is a part of that is a part of that is a part of that is a part of that is a part of that is a part of that is a part of that is a part of that is a part of that is a part of that is a part of that is a part of that is a part of that is a part of that is a part of that is a part of that is a part of that is a part of that is a part of that is a part of that is a part of that is a part of that is a part of that is a part of that is a part of that is a part of that is a part of that is a part of that is a part of that is a part of that is a part of that is a part of that is a part of that is a part of that is a part of that is a part of that is a part of that is a part of that is a part of that is a part of that is a part of that is a part of that is a part of that is a part of that is a part of that is a part of that is a part of that is a part of that is a part of that is a part of that is a part of that is a part of that is a part of that is a part of that is a part of that is a part of that is a part of that is a part of that is a part of that is a part of that is a part of that is a part of that is a part of that is a part of that is a part of that is a part of that is a part of that is a part of that is a part of that is a part of that is a part of that is a part of that is a part of that is a part of that is a part of that is a part of that is a part of that is a part of that is a part of that is a part of that is a part of that is a part of that is a part of that is a part of that is a part of that is a part of that is a part of that is a part of that is a part of that is a part of that is a part of that is a part of that is a part of that is a part of that is a part of that is a part of that is a part of that is a part of that is a part of that is a part of that is a part of that is a part of that is a part of that is a part of that is a part of that is a part of that is a part of that is a part of that is a part of that is a part of that is a part of that is a part of that is a part of that is a part of that is a part of that is a part of that is a part of that is a part of that is a part of that is a part of that is a part of that is a part of that is a part of that is a part of that is a part of that is a part of that is a part of that is a part of that is a part of that is a part of that is a part of that is a part of that is a part of that is a part of that is a part of that is a part of that is a part of that is a part of that is a part of that is a part of that is a part of that is a part of that is a part of that is a part of that is a part of that is a part of that is a part of that is a part of that is a part of that is a part of that is a part of that is a part of that is a part of that is a part of that is a part of that is a part of that is a part of that is a part of that is a part of that is a part of that is a part of that is a part of that is a part of that is a part of that is a part of that is a part of that is a part of that is a part of that is a part of that is a part of that is a part of that is a part of that is a part of that is a part of that is a part of that is a part of that is a part of that is a part of that is a part of that is a part of that is a part of that is a part of that is a part of that is a part of that is a part of that is a part of that is a part of that is a part of that is a part of that is a part of that is a part of that is a part of that is a part of that is a part of that is a part of that is a part of that is a part of that is a part of that is a part of that is a part of that is a part of that is a part of that is a part of that is a part of that is a part of that is a part of that is a part of that is a part of that is a part of that is a part of that is a part of that is a part of that is a part of that is a part of that is a part of that is a part of that is a part of that is a part of that is a part of that is a part of that is a part of that is a part of that is a part of that is a part of that is a part of that is a part of that is a part of that is a part of that is a part of that is a part of that is a part of that is a part of that is a part of that is a part of that is a part of that is a part of that is a part of that is a part of that is a part of that is a part of that is a part of that is a part of that is a part of that is a part of that is a part of that is a part of that is a part of that is a part of that is a part of that is a part of that is a part of that is a part of that is a part of that is a part of that is a part of that is a part of that is a part of that is a part of that is a part of that is a part of that is a part of that is a part of that is a part of that is a part of that is a part of that is a part of that is a part of that is a part of that is a part of that is a part of that is a part of that is a part of that is a part of that is a part of that is a part of that is a part of that is a part of that is a part of that is a part of that is a part of that is a part of that is a part of that is a part of that is a part of that is a part of that is a part of that is a part of that is a part of that is a part of that is a part of that is a part of that is a part of that is a part of that is a part of that is a part of that is a part of that is a part of that is a part of that is a part of that is a part of that is a part of that is a part of that is a part of that is a part of that is a part of that is a part of that is a part of that is a part of that is a part of that is a part of that is a part of that is a part of that is a part of that is a part of that is a part of that is a part of that is a part of that is a part of that is a part of that is a part of that is a part of that is a part of that is a part of that is a part of that is a part of that is a part of that is a part of that is a part of that is a part of that is a part of that is a part of that is a part of that is a part of that is a part of that is a part of that is a part of that is a part of that is a part of that is a part of that is a part of that is a part of that is a part of that is a part of that is a part of that is a part of that is a part of that is a part of that is a part of that is a part of that is a part of that is a part of that is a part of that is a part of that is a part of that is a part of that is a part of that is a part of that is a part of that is a part of that is a part of that is a part of that is a part of that is a part of that is a part of that is a part of that is a part of that is a part of that is a part of that is a part of that is a part of that is a part of that is a part of that is a part of that is a part of that is a part of that is a part of that is a part of that is a part of that is a part of that is a part of that is a part of that is a part of that is a part of that is a part of that is a part of that is a part of that is a part of that is a part of that is a part of that is a part of that is a part of that is a part of that is a part of that is a part of that is a part of that is a part of that is a part of that is a part of that is a part of that is a part of that is a part of that is a part of that is a part of that is a part of that is a part of that is a part of that is a part of that is a part of that is a part of that is a part of that is a part of that is a part of that is a part of that is a part of that is a part of that is a part of that is a part of that is a part of that is a part of that is a part of that is a part of that is a part of that is a part of that is a part of that is a part of that is a part of that is a part of that is a part of that is a part of that is a part of that is a part of that is a part of that is a part of that is a part of that is a part of that is a part of that is a part of that is a part of that is a part of that is a part of that is a part of that is a part of that is a part of that is a part of that is a part of that is a part of that is a part of that is a part of that is a part of that is a part of that is a part of that is a part of that is a part of that is a part of that is a part of that is a part of that is a part of that is a part of that is a part of that is a part of that is a part of that is a part of that is a part of that is a part of that is a part of that is a part of that is a part of that is a part of that is a part of that is a part of that is a part of that is a part of that is a part of that is a part of that is a part of that is a part of that is a part of that is a part of that is a part of that is a part of that is a part of that is a part of that is a part of that is a part of that is a part of that is a part of that is a part of that is a part of that is a part of that is a part of that is a part of that is a part of that is a part of that is a part of that is a part of that is a part of that is a part of that is a part of that is a part of that is a part of that is a part of that is a part of that is a part of that is a part of that is a part of that is a part of that is a part of that is a part of that is a part of that is a part of that is a part of that is a part of that is a part of that is a part of that is a part of that is a part of that is a part of that is a part of that is a part of that is a part of that is a part of that is a part of that is a part of that is a part of that is a part of that is a part of that is a part of that is a part of that is a part of that is a part of that is a part of that is a part of that is a part of that is a part of that is a part of that is a part of that is a part of that is a part of that is a part of that is a part of that is a part of that is a part of that is a part of that is a part of that is a part of that is a part of that is a part of that is a part of that is a part of that is a part of that is a part of that is a part of that is a part of that is a part of that is a part of that is a part of that is a part of that is a part of that is a part of that is a part of that is a part of that is a part of that is a part of that is a part of that is a part of that is a part of that is a part of that is a part of that is a part of that is a part of that is a part of that is a part of that is a part of that is a part of that is a part of that is a part of that is a part of that is a part of that is a part of that is a part of that is a part of that is a part of that is a part of that is a part of that is a part of that is a part of that is a part of that is a part of that is a part of that is a part of that is a part of that is a part of that is a part of that is a part of that is a part of that is a part of that is a part of that is a part of that is a part of that is a part of that is a part of that is a part of that is a part of that is a part of that is a part of that is a part of that is a part of that is a part of that is a part of that is a part of that is a part of that is a part of that is a part of that is a part of that is a part of that is a part of that is a part of that is a part of that is a part of that is a part of that is a part of that is a part of that is a part of that is a part of that is a part of that is a part of that is a part of that is a part of that is a part of that is a part of that is a part of that is a part of that is a part of that is a part of that is a part of that is a part of that is a part of that is a part of that is a part of that is a part of that is a part of that is a part of that is a part of that is a part of that is a part of that is a part of that is a part of that is a part of that is a part of that is a part of that is a part of that is a part of that is a part of that is a part of that is a part of that is a part of that is a part of that is a part of that is a part of that is a part of that is a part of that is a part of that is a part of that is a part of that is a part of that is a part of that is a part of that is a part of that is a part of that is a part of that is a part of that is a part of that is a part of that is a part of that is a part of that is a part of that is a part of that is a part of that is a part of that is a part of that is a part of that is a part of that is a part of that is a part of that is a part of that is a part of that is a part of that is a part of that is a part of that is a part of that is a part of that is a part of that is a part of that is a part of that is a part of that is a part of that is a part of that is a part of that is a part of that is a part of that is a part of that is a part of that is a part of that is a part of that is a part of that is a part of that is a part of that is a part of that is a part of that is a part of that is a part of that is a part of that is a part of that is a part of that is a part of that is a part of that is a part of that is a part of that is a part of that is a part of that is a part of that is a part of that is a part of that is a part of that is a part of that is a part of that is a part of that is a part of that is a part of that is a part of that is a part of that is a part of that is a part of that is a part of that is a part of that is a part of that is a part of that is a part of that is a part of that is a part of that is a part of that is a part of that is a part of that is a part of that is a part of that is a part of that is a part of that is a part of that is a part of that is a part of that is a part of that is a part of that is a part of that is a part of that is a part of that is a part of that is a part of that is a part of that is a part of that is a part of that is a part of that is a part of that is a part of that is a part of that is a part of that is a part of that is a part of that is a part of that is a part of that is a part of that is a part of that is a part of that is a part of that is a part of that is a part of that is a part of that is a part of that is a part of that is a part of that is a part of that is a part of that is a part of that is a part of that is a part of that is a part of that is a part of that is a part of that is a part of that is a part of that is a part of that is a part of that is a part of that is a part of that is a part of that is a part of that is a part of that is a part of that is a part of that is a part of that is a part of that is a part of that is a part of that is a part of that is a part of that is a part of that is a part of that is a part of that is a part of that is a part of that is a part of that is a part of that is a part of that is a part of that is a part of that is a part of that is a part of that is a part of that is a part of that is a part of that is a part of that is a part of that is a part of that is a part of that is a part of that is a part of that is a part of that is a part of that is a part of that is a part of that is a part of that is a part of that is a part of that is a part of that is a part of that is a part of that is a part of that is a part of that is a part of that is a part of that is a part of that is a part of that is a part of that is a part of that is a part of that is a part of that is a part of that is a part of that is a part of that is a part of that is a part of that is a part of that is a part of that is a part of that is a part of that is a part of that is a part of that is a part of that is a part of that is a part of that is a part of that is a part of that is a part of that is a part of that is a part of that is a part of that is a part of that is a part of that is a part of that is a part of that is a part of that is a part of that is a part of that is a part of that is a part of that is a part of that is a part of that is a part of that is a part of that is a part of that is a part of that is a part of that is a part of that is a part of that is a part of that is a part of that is a part of that is a part of that is a part of that is a part of that is a part of that is a part of that is a part of that is a part of that is a part of that is a part of that is a part of that is a part of that is a part of that is a part of that is a part of that is a part of that is a part of that is a part of that is a part of that is a part of that is a part of that is a part of that is a part of that is a part of that is a part of that is a part of that is a part of that is a part of that is a part of that is a part of that is a part of that is a part of that is a part of that is a part of that is a part of that is a part of that is a part of that is a part of that is a part of that is a part of that is a part of that is a part of that is a part of that is a part of that is a part of that is a part of that is a part of that is a part of that is a part of that is a part of that is a part of that is a part of that is a part of that is a part of that is a part of that is a part of that is a part of that is a part of that is a part of that is a part of that is a part of that is a part of that is a part of that is a part of that is a part of that is a part of that is a part of that is a part of that is a part of that is a part of that is a part of that is a part of that is a part of that is a part of that is a part of that is a part of that is a part of that is a part of that is a part of that is a part of that is a part of that is a part of that is a part of that is a part of that is a part of that is a part of that is a part of that is a part of that is a part of that is a part of that is a part of that is a part of that is a part of that is a part of that is a part of that is a part of that is a part of that is a part of that is a part of that is a part of that is a part of that is a part of that is a part of that is a part of that is a part of that is a part of that is a part of that is a part of that is a part of that is a part of that is a part of that is a part of that is a part of that is a part of that is a part of that is a part of that is a part of that is a part of that is a part of that is a part of that is a part of that is a part of that is a part of that is a part of that is a part of that is a part of that is a part of that is a part of that is a part of that is a part of that is a part of that is a part of that is a part of that is a part of that is a part of that is a part of that is a part of that is a part of that is a part of that is a part of that is a part of that is a part of that is a part of that is a part of that is a part of that is a part of that is a part of that is a part of that is a part of that is a part of that is a part of that is a part of that is a part of that is a part of that is a part of that is a part of that is a part of that is a part of that is a part of that is a part of that is a part of that is a part of that is a part of that is a part of that is a part of that is a part of that is a part of that is a part of that is a part of that is a part of that is a part of that is a part of that is a part of that is a part of that is a part of that is a part of that is a part of that is a part of that is a part of that is a part of that is a part of that is a part of that is a part of that is a part of that is a part of that is a part of that is a part of that is a part of that is a part of that is a part of that is a part of that is a part of that is a part of that is a part of that is a part of that is a part of that is a part of that is a part of that is a part of that is a part of that is a part of that is a part of that is a part of that is a part of that is a part of that is a part of that is a part of that is a part of that is a part of that is a part of that is a part of that is a part of that is a part of that is a part of that is a part of that is a part of that is a part of that is a part of that is a part of that is a part of that is a part of that is a part of that is a part of that is a part of that is a part of that is a part of that is a part of that is a part of that is a part of that is a part of that is a part of that is a part of that is a part of that is a part of that is a part of that is a part of that is a part of that is a part of that is a part of that is a part of that is a part of that is a part of that is a part of that is a part of that is a part of that is a part of that is a part of that is a part of that is a part of that is a part of that is a part of that is a part of that is a part of that is a part of that is a part of that is a part of that is a part of that is a part of that is a part of that is a part of that is a part of that is a part of that is a part of that is a part of that is a part of that is a part of that is a part of that is a part of that is a part of that is a part of that is a part of that is a part of that is a part of that is a part of that is a part of that is a part of that is a part of that is a part of that is a part of that is a part of that is a part of that is a part of that is a part of that is a part of that is a part of that is a part of that is a part of that is a part of that is a part of that is a part of that is a part of that is a part of that is a part of that is a part of that is a part of that is a part of that is a part of that is a part of that is a part of that is a part of that is a part of that is a part of that is a part of that is a part of that is a part of that is a part of that is a part of that is a part of that is a part of that is a part of that is a part of that is a part of that is a part of that is a part of that is a part of that is a part of that is a part of that is a part of that is a part of that is a part of that is a part of that is a part of that is a part of that is a part of that is a part of that is a part of that is a part of that is a part of that is a part of that is a part of that is a part of that is a part of that is a part of that is a part of that is a part of that is a part of that is a part of that is a part of that is a part of that is a part of that is a part of that is a part of that is a part of that is a part of that is a part of that is a part of that is a part of that is a part of that is a part of that is a part of that is a part of that is a part of that is a part of that is a part of that is a part of that is a part of that is a part of that is a part of that is a part of that is a part of that is a part of that is a part of that is a part of that is a part of that is a part of that is a part of that is a part of that is a part of that is a part of that is a part of that is a part of that is a part of that is a part of that is a part of that is a part of that is a part of that is a part of that is a part of that is a part of that is a part of that is a part of that is a part of that is a part of that is a part of that is a part of that is a part of that is a part of that is a part of that is a part of that is a part of that is a part of that is a part of that is a part of that is a part of that is a part of that is a part of that is a part of that is a part of that is a part of that is a part of that is a part of that is a part of that is a part of that is a part of that is a part of that is a part of that is a part of that is a part of that is a part of that is a part of that is a part of that is a part of that is a part of that is a part of that is a part of that is a part of that is a part of that is a part of that is a part of that is a part of that is a part of that is a part of that is a part of that is a part of that is a part of that is a part of that is a part of that is a part of that is a part of that is a part of that is a part of that is a part of that is a part of that is a part of that is a part of that is a part of that is a part of that is a part of that is a part of that is a part of that is a part of that is a part of that is a part of that is a part of that is a part of that is a part of that is a part of that is a part of that is a part of that is a part of that is a part of that is a part of that is a part of that is a part of that is a part of that is a part of that is a part of that is a part of that is a part of that is a part of that is a part of that is a part of that is a part of that is a part of that is a part of that is a part of that is a part of that is a part of that is a part of that is a part of that is a part of that is a part of that is a part of that is a part of that is a part of that is a part of that is a part of that is a part of that is a part of that is a part of that is a part of that is a part of that is a part of that is a part of that is a part of that is a part of that is a part of that is a part of that is a part of that is a part of that is a part of that is a part of that is a part of that is a part of that is a part of that is a part of that is a part of that is a part of that is a part of that is a part of that is a part of that is a part of that is a part of that is a part of that is a part of that is a part of that is a part of that is a part of that is a part of that is a part of that is a part of that is a part of that is a part of that is a part of that is a part of that is a part of that is a part of that is a part of that is a part of that is a part of that is a part of that is a part of that is a part of that is a part of that is a part of that is a part of that is a part of that is a part of that is a part of that is a part of that is a part of that is a part of that is a part of that is a part of that is a part of that is a part of that is a part of that is a part of that is a part of that is a part of that is a part of that is a part of that is a part of that is a part of that is a part of that is a part of that is a part of that is a part of that is a part of that is a part of that is a part of that is a part of that is a part of that is a part of that is a part of that is a part of that is a part of that is a part of that is a part of that is a part of that is a part of that is a part of that is a part of that is a part of that is a part of that is a part of that is a part of that is a part of that is a part of that is a part of that is a part of that is a part of that is a part of that is a part of that is a part of that is a part of that is a part of that is a part of that is a part of that is a part of that is a part of that is a part of that is a part of that is a part of that is a part of that is a part of that is a part of that is a part of that is a part of that is a part of that is a part of that is a part of that is a part of that is a part of that is a part of that is a part of that is a part of that is a part of that is a part of that is a part of that is a part of that is a part of that is a part of that is a part of that is a part of that is a part of that is a part of that is a part of that is a part of that is a part of that is a part of that is a part of that is a part of that is a part of that is a part of that is a part of that is a part of that is a part of that is a part of that is a part of that is a part of that is a part of that is a part of that is a part of that is a part of that is a part of that is a part of that is a part of that is a part of that is a part of that is a part of that is a part of that is a part of that is a part of that is a part of that is a part of that is a part of that is a part of that is a part of that is a part of that is a part of that is a part of that is a part of that is a part of that is a part of that is a part of that is a part of that is a part of that is a part of that is a part of that is a part of that is a part of that is a part of that is a part of that is a part of that is a part of that is a part of that is a part of that is a part of that is a part of that is a part of that is a part of that is a part of that is a part of that is a part of that is a part of that is a part of that is a part of that is a part of that is a part of that is a part of that is a part of that is a part of that is a part of that is a part of that is a part of that is a part of that is a part of that is a part of that is a part of that is a part of that is a part of that is a part of that is a part of that is a part of that is a part of that is a part of that is a part of that is a part of that is a part of that is a part of that is a part of that is a part of that is a part of that is a part of that is a part of that is a part of that is a part of that is a part of that is a part of that is a part of that is a part of that is a part of that is a part of that is a part of that is a part of that is a part of that is a part of that is a part of that is a part of that is a part of that is a part of that is a part of that is a part of that is a part of that is a part of that is a part of that is a part of that is a part of that is a part of that is a part of that is a part of that is a part of that is a part of that is a part of that is a part of that is a part of that is a part of that is a part of that is a part of that is a part of that is a part of that is a part of that is a part of that is a part of that is a part of that is a part of that is a part of that is a part of that is a part of that is a part of that is a part of that is a part of that is a part of that is a part of that is a part of that is a part of that is a part of that is a part of that is a part of that is a part of that is a part of that is a part of that is a part of that is a part of that is a part of that is a part of that is a part of that is a part of that is a part of that is a part of that is a part of that is a part of that is a part of that is a part of that is a part of that is a part of that is a part of that is a part of that is a part of that is a part of that is a part of that is a part of that is a part of that is a part of that is a part of that is a part of that is a part of that is a part of that is a part of that is a part of that is a part of that is a part of that is a part of that is a part of that is a part of that is a part of that is a part of that is a part of that is a part of that is a part of that is a part of that is a part of that is a part of that is a part of that is a part of that is a part of that is a part of that is a part of that is a part of that is a part of that is a part of that is a part of that is a part of that is a part of that is a part of that is a part of that is a part of that is a part of that is a part of that is a part of that is a part of that is a part of that is a part of that is a part of that is a part of that is a part of that is a part of that is a part of that is a part of that is a part of that is a part of that is a part of that is a part of that is a part of that is a part of that is a part of that is a part of that is a part of that is a part of that is a part of that is a part of that is a part of that is a part of that is a part of that is a part of that is a part of that is a part of that is a part of that is a part of that is a part of that is a part of that is a part of that is a part of that is a part of that is a part of that is a part of that is a part of that is a part of that is a part of that is a part of that is a part of that is a part of that is a part of that is a part of that is a part of that is a part of that is a part of that is a part of that is a part of that is a part of that is a part of that is a part of that is a part of that is a part of that is a part of that is a part of that is a part of that is a part of that is a part of that is a part of that is a part of that is a part of that is a part of that is a part of that is a part of that is a part of that is a part of that is a part of that is a part of that is a part of that is a part of that is a part of that is a part of that is a part of that is a part of that is a part of that is a part of that is a part of that is a part of that is a part of that is a part of that is a part of that is a part of that is a part of that is a part of that is a part of that is a part of that is a part of that is a part of that is a part of that is a part of that is a part of that is a part of that is a part of that is a part of that is a part of that is a part of that is a part of that is a part of that is a part of that is a part of that is a part of that is a part of that is a part of that is a part of that is a part of that is a part of that is a part of that is a part of that is a part of that is a part of that is a part of that is a part of that is a part of that is a part of that is a part of that is a part of that is a part of that is a part of that is a part of that is a part of that is a part of that is a part of that is a part of that is a part of that is a part of that is a part of that is a part of that is a part of that is a part of that is a part of that is a part of that is a part of that is a part of that is a part of that is a part of that is a part of that is a part of that is a part of that is a part of that is a part of that is a part of that is a part of that is a part of that is a part of that is a part of that is a part of that is a part of that is a part of that is a part of that is a part of that is a part of that is a part of that is a part of that is a part of that is a part of that is a part of that is a part of that is a part of that is a part of that is a part of that is a part of that is a part of that is a part of that is a part of that is a part of that is a part of that is a part of that is a part of that is a part of that is a part of that is a part of that is a part of that is a part of that is a part of that is a part of that is a part of that is a part of that is a part of that is a part of that is a part of that is a part of that is a part of that is a part of that is a part of that is a part of that is a part of that is a part of that is a part of that is a part of that is a part of that is a part of that is a part of that is a part of that is a part of that is a part of that is a part of that is a part of that is a part of that is a part of that is a part of that is a part of that is a part of that is a part of that is a part of that is a part of that is a part of that is a part of that is a part of that is a part of that is a part of that is a part of that is a part of that is a part of that is a part of that is a part of that is a part of that is a part of that is a part of that is a part of that is a part of that is a part of that is a part of that is a part of that is a part of that is a part of that is a part of that is a part of that is a part of that is a part of that is a part of that is a part of that is a part of that is a part of that is a part of that is a part of that is a part of that is a part of that is a part of that is a part of that is a part of that is a part of that is a part of that is a part of that is a part of that is a part of that is a part of that is a part of that is a part of that is a part of that is a part of that is a part of that is a part of that is a part of that is a part of that is a part of that is a part of that is a part of that is a part of that is a part of that is a part of that is a part of that is a part of that is a part of that is a part of that is a part of that is a part of that is a part of that is a part of that is a part of that is a part of that is a part of that is a part of that is a part of that is a part of that is a part of that is a part of that is a part of that is a part of that is a part of that is a part of that is a part of that is a part of that is a part of that is a part of that is a part of that is a part of that is a part of that is a part of that is a part of that is a part of that is a part of that is a part of that is a part of that is a part of that is a part of that is a part of that is a part of that is a part of that is a part of that is a part of that is a part of that is a part of that is a part of that is a part of that is a part of that is a part of that is a part of that is a part of that is a part of that is a part of that is a part of that is a part of that is a part of that is a part of that is a part of that is a part of that is a part of that is a part of that is a part of that is a part of that is a part of that is a part of that is a part of that is a part of that is a part of that is a part of that is a part of that is a part of that is a part of that is a part of that is a part of that is a part of that is a part of that is a part of that is a part of that is a part of that is a part of that is a part of that is a part of that is a part of that is a part of that is a part of that is a part of that is a part of that is a part of that is a part of that is a part of that is a part of that is a part of that is a part of that is a part of that is a part of that is a part of that is a part of that is a part of that is a part of that is a part of that is a part of that is a part of that is a part of that is a part of that is a part of that is a part of that is a part of that is a part of that is a part of that is a part of that is a part of that is a part of that is a part of that is a part of that is a part of that is a part of that is a part of that is a part of that is a part of that is a part of that is a part of that is a part of that is a part of that is a part of that is a part of that is a part of that is a part of that is a part of that is a part of that is a part of that is a part of that is a part of that is a part of that is a part of that is a part of that is a part of that is a part of that is a part of that is a part of that is a part of that is a part of that is a part of that is a part of that is a part of that is a part of that is a part of that is a part of that is a part of that is a part of that is a part of that is a part of that is a part of that is a part of that is a part of that is a part of that is a part of that is a part of that is a part of that is a part of that is a part of that is a part of that is a part of that is a part of that is a part of that is a part of that is a part of that is a part of that is a part of that is a part of that is a part of that is a part of that is a part of that is a part of that is a part of that is a part of that is a part of that is a part of that is a part of that is a part of that is a part of that is a part of that is a part of that is a part of that is a part of that is a part of that is a part of that is a part of that is a part of that is a part of that is a part of that is a part of that is a part of that is a part of that is a part of that is a part of that is a part of that is a part of that is a part of that is a part of that is a part of that is a part of that is a part of that is a part of that is a part of that is a part of that is a part of that is a part of that is a part of that is a part of that is a part of that is a part of that is a part of that is a part of that is a part of that is a part of that is a part of that is a part of that is a part of that is a part of that is a part of that is a part of that is a part of that is a part of that is a part of that is a part of that is a part of that is a part of that is a part of that is a part of that is a part of that is a part of that is a part of that is a part of that is a part of that is a part of that is a part of that is a part of that is a part of that is a part of that is a part of that is a part of that is a part of that is a part of that is a part of that is a part of that is a part of that is a part of that is a part of that is a part of that is a part of that is a part of that is a part of that is a part of that is a part of that is a part of that is a part of that is a part of that is a part of that is a part of that is a part of that is a part of that is a part of that is a part of that is a part of that is a part of that is a part of that is a part of that is a part of that is a part of that is a part of that is a part of that is a part of that is a part of that is a part of that is a part of that is a part of that is a part of that is a part of that is a part of that is a part of that is a part of that is a part of that is a part of that is a part of that is a part of that is a part of that is a part of that is a part of that is a part of that is a part of that is a part of that is a part of that is a part of that is a part of that is a part of that is a part of that is a part of that is a part of that is a part of that is a part of that is a part of that is a part of that is a part of that is a part of that is a part of that is a part of that is a part of that is a part of that is a part of that is a part of that is a part of that is a part of that is a part of that is a part of that is a part of that is a part of that is a part of that is a part of that is a part of that is a part of that is a part of that is a part of that is a part of that is a part of that is a part of that is a part of that is a part of that is a part of that is a part of that is a part of that is a part of that is a part of that is a part of that is a part of that is a part of that is a part of that is a part of that is a part of that is a part of that is a part of that is a part of that is a part of that is a part of that is a part of that is a part of that is a part of that is a part of that is a part of that is a part of that is a part of that is a part of that is a part of that is a part of that is a part of that is a part of that is a part of that is a part of that is a part of that is a part of that is a part of that is a part of that is a part of that is a part of that is a part of that is a part of that is a part of that is a part of that is a part of that is a part of that is a part of that is a part of that is a part of that is a part of that is a part of that is a part of that is a part of that is a part of that is a part of that is a part of that is a part of that is a part of that is a part of that is a part of that is a part of that is a part of that is a part of that is a part of that is a part of that is a part of that is a part of that is a part of that is a part of that is a part of that is a part of that is a part of that is a part of that is a part of that is a part of that is a part of that is a part of that is a part of that is a part of that is a part of that is a part of that is a part of that is a part of that is a part of that is a part of that is a part of that is a part of that is a part of that is a part of that is a part of that is a part of that is a part of that is a part of that is a part of that is a part of that is a part of that is a part of that is a part of that is a part of that is a part of that is a part of that is a part of that is a part of that is a part of that is a part of that is a part of that is a part of that is a part of that is a part of that is a part of that is a part of that is a part of that is a part of that is a part of that is a part of that is a part of that is a part of that is a part of that is a part of that is a part of that is a part of that is a part of that is a part of that is a part of that is a part of that is a part of that is a part of that is a part of that is a part of that is a part of that is a part of that is a part of that is a part of that is a part of that is a part of that is a part of that is a part of that is a part of that is a part of that is a part of that is a part of that is a part of that is a part of that is a part of that is a part of that is a part of that is a part of that is a part of that is a part of that is a part of that is a part of that is a part of that is a part of that is a part of that is a part of that is a part of that is a part of that is a part of that is a part of that is a part of that is a part of that is a part of that is a part of that is a part of that is a part of that is a part of that is a part of that is a part of that is a part of that is a part of that is a part of that is a part of that is a part of that is a part of that is a part of that is a part of that is a part of that is a part of that is a part of that is a part of that is a part of that is a part of that is a part of that is a part of that is a part of that is a part of that is a part of that is a part of that is a part of that is a part of that is a part of that is a part of that is a part of that is a part of that is a part of that is a part of that is a part of that is a part of that is a part of that is a part of that is a part of that is a part of that is a part of that is a part of that is a part of that is a part of that is a part of that is a part of that is a part of that is a part of that is a part of that is a part of that is a part of that is a part of that is a part of that is a part of that is a part of that is a part of that is a part of that is a part of that is a part of that is a part of that is a part of that is a part of that is a part of that is a part of that is a part of that is a part of that is a part of that is a part of that is a part of that is a part of that is a part of that is a part of that is a part of that is a part of that is a part of that is a part of that is a part of that is a part of that is a part of that is a part of that is a part of that is a part of that is a part of that is a part of that is a part of that is a part of that is a part of that is a part of that is a part of that is a part of that is a part of that is a part of that is a part of that is a part of that is a part of that is a part of that is a part of that is a part of that is a part of that is a part of that is a part of that is a part of that is a part of that is a part of that is a part of that is a part of that is a part of that is a part of that is a part of that is a part of that is a part of that is a part of that is a part of that is a part of that is a part of that is a part of that is a part of that is a part of that is a part of that is a part of that is a part of that is a part of that is a part of that is a part of that is a part of that is a part of that is a part of that is a part of that is a part of that is a part of that is a part of that is a part of that is a part of that is a part of that is a part of that is a part of that is a part of that is a part of that is a part of that is a part of that is a part of that is a part of that is a part of that is a part of that is a part of that is a part of that is a part of that is a part of that is a part of that is a part of that is a part of that is a part of that is a part of that is a part of that is a part of that is a part of that is a part of that is a part of that is a part of that is a part of that is a part of that is a part of that is a part of that is a part of that is a part of that is a part of that is a part of that is a part of that is a part of that is a part of that is a part of that is a part of that is a part of that is a part of that is a part of that is a part of that is a part of that is a part of that is a part of that is a part of that is a part of that is a part of that is a part of that is a part of that is a part of that is a part of that is a part of that is a part of that is a part of that is a part of that is a part of that is a part of that is a part of that is a part of that is a part of that is a part of that is a part of that is a part of that is a part of that is a part of that is a part of that is a part of that is a part of that is a part of that is a part of that is a part of that is a part of that is a part of that is a part of that is a part of that is a part of that is a part of that is a part of that is a part of that is a part of that is a part of that is a part of that is a part of that is a part of that is a part of that is a part of that is a part of that is a part of that is a part of that is a part of that is a part of that is a part of that is a part of that is a part of that is a part of that is a part of that is a part of that is a part of that is a part of that is a part of that is a part of that is a part of that is a part of that is a part of that is a part of that is a part of that is a part of that is a part of that is a part of that is a part of that is a part of that is a part of that is a part of that is a part of that is a part of that is a part of that is a part of that is a part of that is a part of that is a part of that is a part of that is a part of that is a part of that is a part of that is a part of that is a part of that is a part of that is a part of that is a part of that is a part of that is a part of that is a part of that is a part of that is a part of that is a part of that is a part of that is a part of that is a part of that is a part of that is a part of that is a part of that is a part of that is a part of that is a part of that is a part of that is a part of that is a part of that is a part of that is a part of that is a part of that is a part of that is a part of that is a part of that is a part of that is a part of that is a part of that is a part of that is a part of that is a part of that is a part of that is a part of that is a part of that is a part of that is a part of that is a part of that is a part of that is a part of that is a part of that is a part of that is a part of that is a part of that is a part of that is a part of that is a part of that is a part of that is a part of that is a part of that is a part of that is a part of that is a part of that is a part of that is a part of that is a part of that is a part of that is a part of that is a part of that is a part of that is a part of that is a part of that is a part of that is a part of that is a part of that is a part of that is a part of that is a part of that is a part of that is a part of that is a part of that is a part of that is a part of that is a part of that is a part of that is a part of that is a part of that is a part of that is a part of that is a part of that is a part of that is a part of that is a part of that is a part of that is a part of that is a part of that is a part of that is a part of that is a part of that is a part of that is a part of that is a part of that is a part of that is a part of that is a part of that is a part of that is a part of that is a part of that is a part of that is a part of that is a part of that is a part of that is a part of that is a part of that is a part of that is a part of that is a part of that is a part of that is a part of that is a part of that is a part of that is a part of that is a part of that is a part of that is a part of that is a part of that is a part of that is a part of that is a part of that is a part of that is a part of that is a part of that is a part of that is a part of that is a part of that is a part of that is a part of that is a part of that is a part of that is a part of that is a part of that is a part of that is a part of that is a part of that is a part of that is a part of that is a part of that is a part of that is a part of that is a part of that is a part of that is a part of that is a part of that is a part of that is a part of that is a part of that is a part of that is a part of that is a part of that is a part of that is a part of that is a part of that is a part of that is a part of that is a part of that is a part of that is a part of that is a part of that is a part of that is a part of that is a part of that is a part of that is a part of that is a part of that is a part of that is a part of that is a part of that is a part of that is a part of that is a part of that is a part of that is a part of that is a part of that is a part of that is a part of that is a part of that is a part of that is a part of that is a part of that is a part of that is a part of that is a part of that is a part of that is a part of that is a part of that is a part of that is a part of that is a part of that is a part of that is a part of that is a part of that is a part of that is a part of that is a part of that is a part of that is a part of that is a part of that is a part of that is a part of that is a part of that is a part of that is a part of that is a part of that is a part of that is a part of that is a part of that is a part of that is a part of that is a part of that is a part of that is a part of that is a part of that is a part of that is a part of that is a part of that is a part of that is a part of that is a part of that is a part of that is a part of that is a part of that is a part of that is a part of that is a part of that is a part of that is a part of that is a part of that is a part of that is a part of that is a part of that is a part of that is a part of that is a part of that is a part of that is a part of that is a part of that is a part of that is a part of that is a part of that is a part of that is a part of that is a part of that is a part of that is a part of that is a part of that is a part of that is a part of that is a part of that is a part of that is a part of that is a part of that is a part of that is a part of that is a part of that is a part of that is a part of that is a part of that is a part of that is a part of that is a part of that is a part of that is a part of that is a part of that is a part of that is a part of that is a part of that is a part of that is a part of that is a part of that is a part of that is a part of that is a part of that is a part of that is a part of that is a part of that is a part of that is a part of that is a part of that is a part of that is a part of that is a part of that is a part of that is a part of that is a part of that is a part of that is a part of that is a part of that is a part of that is a part of that is a part of that is a part of that is a part of that is a part of that is a part of that is a part of that is a part of that is a part of that is a part of that is a part of that is a part of that is a part of that is a part of that is a part of that is a part of that is a part of that is a part of that is a part of that is a part of that is a part of that is a part of that is a part of that is a part of that is a part of that is a part of that is a part of that is a part of that is a part of that is a part of that is a part of that is a part of that is a part of that is a part of that is a part of that is a part of that is a part of that is a part of that is a part of that is a part of that is a part of that is a part of that is a part of that is a part of that is a part of that is a part of that is a part of that is a part of that is a part of that is a part of that is a part of that is a part of that is a part of that is a part of that is a part of that is a part of that is a part of that is a part of that is a part of that is a part of that is a part of that is a part of that is a part of that is a part of that is a part of that is a part of that is a part of that is a part of that is a part of that is a part of that is a part of that is a part of that is a part of that is a part of that is a part of that is a part of that is a part of that is a part of that is a part of that is a part of that is a part of that is a part of that is a part of that is a part of that is a part of that is a part of that is a part of that is a part of that is a part of that is a part of that is a part of that is a part of that is a part of that is a part of that is a part of that is a part of that is a part of that is a part of that is a part of that is a part of that is a part of that is a part of that is a part of that is a part of that is a part of that is a part of that is a part of that is a part of that is a part of that is a part of that is a part of that is a part of that is a part of that is a part of that is a part of that is a part of that is a part of that is a part of that is a part of that is a part of that is a part of that is a part of that is a part of that is a part of that is a part of that is a part of that is a part of that is a part of that is a part of that is a part of that is a part of that is a part of that is a part of that is a part of that is a part of that is a part of that is a part of that is a part of that is a part of that is a part of that is a part of that is a part of that is a part of that is a part of that is a part of that is a part of that is a part of that is a part of that is a part of that is a part of that is a part of that is a part of that is a part of that is a part of that is a part of that is a part of that is a part of that is a part of that is a part of that is a part of that is a part of that is a part of that is a part of that is a part of that is a part of that is a part of that is a part of that is a part of that is a part of that is a part of that is a part of that is a part of that is a part of that is a part of that is a part of that is a part of that is a part of that is a part of that is a part of that is a part of that is a part of that is a part of that is a part of that is a part of that is a part of that is a part of that is a part of that is a part of that is a part of that is a part of that is a part of that is a part of that is a part of that is a part of that is a part of that is a part of that is a part of that is a part of that is a part of that is a part of that is a part of that is a part of that is a part of that is a part of that is a part of that is a part of that is a part of that is a part of that is a part of that is a part of that is a part of that is a part of that is a part of that is a part of that is a part of that is a part of that is a part of that is a part of that is a part of that is a part of that is a part of that is a part of that is a part of that is a part of that is a part of that is a part of that is a part of that is a part of that is a part of that is a part of that is a part of that is a part of that is a part of that is a part of that is a part of that is a part of that is a part of that is a part of that is a part of that is a part of that is a part of that is a part of that is a part of that is a part of that is a part of that is a part of that is a part of that is a part of that is a part of that is a part of that is a part of that is a part of that is a part of that is a part of that is a part of that is a part of that is a part of that is a part of that is a part of that is a part of that is a part of that is a part of that is a part of that is a part of that is a part of that is a part of that is a part of that is a part of that is a part of that is a part of that is a part of that is a part of that is a part of that is a part of that is a part of that is a part of that is a part of that is a part of that is a part of that is a part of that is a part of that is a part of that is a part of that is a part of that is a part of that is a part of that is a part of that is a part of that is a part of that is a part of that is a part of that is a part of that is a part of that is a part of that is a part of that is a part of that is a part of that is a part of that is a part of that is a part of that is a part of that is a part of that is a part of that is a part of that is a part of that is a part of that is a part of that is a part of that is a part of that is a part of that is a part of that is a part of that is a part of that is a part of that is a part of that is a part of that is a part of that is a part of that is a part of that is a part of that is a part of that is a part of that is a part of that is a part of that is a part of that is a part of that is a part of that is a part of that is a part of that is a part of that is a part of that is a part of that is a part of that is a part of that is a part of that is a part of that is a part of that is a part of that is a part of that is a part of that is a part of that is a part of that is a part of that is a part of that is a part of that is a part of that is a part of that is a part of that is a part of that is a part of that is a part of that is a part of that is a part of that is a part of that is a part of that is a part of that is a part of that is a part of that is a part of that is a part of that is a part of that is a part of that is a part of that is a part of that is a part of that is a part of that is a part of that is a part of that is a part of that is a part of that is a part of that is a part of that is a part of that is a part of that is a part of that is a part of that is a part of that is a part of that is a part of that is a part of that is a part of that is a part of that is a part of that is a part of that is a part of that is a part of that is a part of that is a part of that is a part of that is a part of that is a part of that is a part of that is a part of that is a part of that is a part of that is a part of that is a part of that is a part of that is a part of that is a part of that is a part of that is a part of that is a part of that is a part of that is a part of that is a part of that is a part of that is a part of that is a part of that is a part of that is a part of that is a part of that is a part of that is a part of that is a part of that is a part of that is a part of that is a part of that is a part of that is a part of that is a part of that is a part of that is a part of that is a part of that is a part of that is a part of that is a part of that is a part of that is a part of that is a part of that is a part of that is a part of that is a part of that is a part of that is a part of that is a part of that is a part of that is a part of that is a part of that is a part of that is a part of that is a part of that is a part of that is a part of that is a part of that is a part of that is a part of that is a part of that is a part of that is a part of that is a part of that is a part of that is a part of that is a part of that is a part of that is a part of that is a part of that is a part of that is a part of that is a part of that is a part of that is a part of that is a part of that is a part of that is a part of that is a part of that is a part of that is a part of that is a part of that is a part of that is a part of that is a part of that is a part of that is a part of that is a part of that is a part of that is a part of that is a part of that is a part of that is a part of that is a part of that is a part of that is a part of that is a part of that is a part of that is a part of that is a part of that is a part of that is a part of that is a part of that is a part of that is a part of that is a part of that is a part of that is a part of that is a part of that is a part of that is a part of that is a part of that is a part of that is a part of that is a part of that is a part of that is a part of that is a part of that is a part of that is a part of that is a part of that is a part of that is a part of that is a part of that is a part of that is a part of that is a part of that is a part of that is a part of that is a part of that is a part of that is a part of that is a part of that is a part of that is a part of that is a part of that is a part of that is a part of that is a part of that is a part of that is a part of that is a part of that is a part of that is a part of that is a part of that is a part of that is a part of that is a part of that is a part of that is a part of that is a part of that is a part of that is a part of that is a part of that is a part of that is a part of that is a part of that is a part of that is a part of that is a part of that is a part of that is a part of that is a part of that is a part of that is a part of that is a part of that is a part of that is a part of that is a part of that is a part of that is a part of that is a part of that is a part of that is a part of that is a part of that is a part of that is a part of that is a part of that is a part of that is a part of that is a part of that is a part of that is a part of that is a part of that is a part of that is a part of that is a part of that is a part of that is a part of that is a part of that is a part of that is a part of that is a part of that is a part of that is a part of that is a part of that is a part of that is a part of that is a part of that is a part of that is a part of that is a part of that is a part of that is a part of that is a part of that is a part of that is a part of that is a part of that is a part of that is a part of that is a part of that is a part of that is a part of that is a part of that is a part of that is a part of that is a part of that is a part of that is a part of that is a part of that is a part of that is a part of that is a part of that is a part of that is a part of that is a part of that is a part of that is a part of that is a part of that is a part of that is a part of that is a part of that is a part of that is a part of that is a part of that is a part of that is a part of that is a part of that is a part of that is a part of that is a part of that is a part of that is a part of that is a part of that is a part of that is a part of that is a part of that is a part of that is a part of that is a part of that is a part of that is a part of that is a part of that is a part of that is a part of that is a part of that is a part of that is a part of that is a part of that is a part of that is a part of that is a part of that is a part of that is a part of that is a part of that is a part of that is a part of that is a part of that is a part of that is a part of that is a part of that is a part of that is a part of that is a part of that is a part of that is a part of that is a part of that is a part of that is a part of that is a part of that is a part of that is a part of that is a part of that is a part of that is a part of that is a part of that is a part of that is a part of that is a part of that is a part of that is a part of that is a part of that is a part of that is a part of that is a part of that is a part of that is a part of that is a part of that is a part of that is a part of that is a part of that is a part of that is a part of that is a part of that is a part of that is a part of that is a part of that is a part of that is a part of that is a part of that is a part of that is a part of that is a part of that is a part of that is a part of that is a part of that is a part of that is a part of that is a part of that is a part of that is a part of that is a part of that is a part of that is a part of that is a part of that is a part of that is a part of that is a part of that is a part of that is a part of that is a part of that is a part of that is a part of that is a part of that is a part of that is a part of that is a part of that is a part of that is a part of that is a part of that is a part of that is a part of that is a part of that is a part of that is a part of that is a part of that is a part of that is a part of that is a part of that is a part of that is a part of that is a part of that is a part of that is a part of that is a part of that is a part of that is a part of that is a part of that is a part of that is a part of that is a part of that is a part of that is a part of that is a part of that is a part of that is a part of that is a part of that is a part of that is a part of that is a part of that is a part of that is a part of that is a part of that is a part of that is a part of that is a part of that is a part of that is a part of that is a part of that is a part of that is a part of that is a part of that is a part of that is a part of that is a part of that is a part of that is a part of that is a part of that is a part of that is a part of that is a part of that is a part of that is a part of that is a part of that is a part of that is a part of that is a part of that is a part of that is a part of that is a part of that is a part of that is a part of that is a part of that is a part of that is a part of that is a part of that is a part of that is a part of that is a part of that is a part of that is a part of that is a part of that is a part of that is a part of that is a part of that is a part of that is a part of that is a part of that is a part of that is a part of that is a part of that is a part of that is a part of that is a part of that is a part of that is a part of that is a part of that is a part of that is a part of that is a part of that is a part of that is a part of that is a part of that is a part of that is a part of that is a part of that is a part of that is a part of that is a part of that is a part of that is a part of that is a part of that is a part of that is a part of that is a part of that is a part of that is a part of that is a part of that is a part of that is a part of that is a part of that is a part of that is a part of that is a part of that is a part of that is a part of that is a part of that is a part of that is a part of that is a part of that is a part of that is a part of that is a part of that is a part of that is a part of that is a part of that is a part of that is a part of that is a part of that is a part of that is a part of that is a part of that is a part of that is a part of that is a part of that is a part of that is a part of that is a part of that is a part of that is a part of that is a part of that is a part of that is a part of that is a part of that is a part of that is a part of that is a part of that is a part of that is a part of that is a part of that is a part of that is a part of that is a part of that is a part of that is a part of that is a part of that is a part of that is a part of that is a part of that is a part of that is a part of that is a part of that is a part of that is a part of that is a part of that is a part of that is a part of that is a part of that is a part of that is a part of that is a part of that is a part of that is a part of that is a part of that is a part of that is a part of that is a part of that is a part of that is a part of that is a part of that is a part of that is a part of that is a part of that is a part of that is a part of that is a part of that is a part of that is a part of that is a part of that is a part of that is a part of that is a part of that is a part of that is a part of that is a part of that is a part of that is a part of that is a part of that is a part of that is a part of that is a part of that is a part of that is a part of that is a part of that is a part of that is a part of that is a part of that is a part of that is a part of that is a part of that is a part of that is a part of that is a part of that is a part of that is a part of that is a part of that is a part of that is a part of that is a part of that is a part of that is a part of that is a part of that is a part of that is a part of that is a part of that is a part of that is a part of that is a part of that is a part of that is a part of that is a part of that is a part of that is a part of that is a part of that is a part of that is a part of that is a part of that is a part of that is a part of that is a part of that is a part of that is a part of that is a part of that is a part of that is a part of that is a part of that is a part of that is a part of that is a part of that is a part of that is a part of that is a part of that is a part of that is a part of that is a part of that is a part of that is a part of that is a part of that is a part of that is a part of that is a part of that is a part of that is a part of that is a part of that is a part of that is a part of that is a part of that is a part of that is a part of that is a part of that is a part of that is a part of that is a part of that is a part of that is a part of that is a part of that is a part of that is a part of that is a part of that is a part of that is a part of that is a part of that is a part of that is a part of that is a part of that is a part of that is a part of that is a part of that is a part of that is a part of that is a part of that is a part of that is a part of that is a part of that is a part of that is a part of that is a part of that is a part of that is a part of that is a part of that is a part of that is a part of that is a part of that is a part of that is a part of that is a part of that is a part of that is a part of that is a part of that is a part of that is a part of that is a part of that is a part of that is a part of that is a part of that is a part of that is a part of that is a part of that is a part of that is a part of that is a part of that is a part of that is a part of that is a part of that is a part of that is a part of that is a part of that is a part of that is a part of that is a part of that is a part of that is a part of that is a part of that is a part of that is a part of that is a part of that is a part of that is a part of that is a part of that is a part of that is a part of that is a part of that is a part of that is a part of that is a part of that is a part of that is a part of that is a part of that is a part of that is a part of that is a part of that is a part of that is a part of that is a part of that is a part of that is a part of that is a part of that is a part of that is a part of that is a part of that is a part of that is a part of that is a part of that is a part of that is a part of that is a part of that is a part of that is a part of that is a part of that is a part of that is a part of that is a part of that is a part of that is a part of that is a part of that is a part of that is a part of that is a part of that is a part of that is a part of that is a part of that is a part of that is a part of that is a part of that is a part of that is a part of that is a part of that is a part of that is a part of that is a part of that is a part of that is a part of that is a part of that is a part of that is a part of that is a part of that is a part of that is a part of that is a part of that is a part of that is a part of that is a part of that is a part of that is a part of that is a part of that is a part of that is a part of that is a part of that is a part of that is a part of that is a part of that is a part of that is a part of that is a part of that is a part of that is a part of that is a part of that is a part of that is a part of that is a part of that is a part of that is a part of that is a part of that is a part of that is a part of that is a part of that is a part of that is a part of that is a part of that is a part of that is a part of that is a part of that is a part of that is a part of that is a part of that is a part of that is a part of that is a part of that is a part of that is a part of that is a part of that is a part of that is a part of that is a part of that is a part of that is a part of that is a part of that is a part of that is a part of that is a part of that is a part of that is a part of that is a part of that is a part of that is a part of that is a part of that is a part of that is a part of that is a part of that is a part of that is a part of that is a part of that is a part of that is a part of that is a part of that is a part of that is a part of that is a part of that is a part of that is a part of that is a part of that is a part of that is a part of that is a part of that is a part of that is a part of that is a part of that is a part of that is a part of that is a part of that is a part of that is a part of that is a part of that is a part of that is a part of that is a part of that is a part of that is a part of that is a part of that is a part of that is a part of that is a part of that is a part of that is a part of that is a part of that is a part of that is a part of that is a part of that is a part of that is a part of that is a part of that is a part of that is a part of that is a part of that is a part of that is a part of that is a part of that is a part of that is a part of that is a part of that is a part of that is a part of that is a part of that is a part of that is a part of that is a part of that is a part of that is a part of that is a part of that is a part of that is a part of that is a part of that is a part of that is a part of that is a part of that is a part of that is a part of that is a part of that is a part of that is a part of that is a part of that is a part of that is a part of that is a part of that is a part of that is a part of that is a part of that is a part of that is a part of that is a part of that is a part of that is a part of that is a part of that is a part of that is a part of that is a part of that is a part of that is a part of that is a part of that is a part of that is a part of that is a part of that is a part of that is a part of that is a part of that is a part of that is a part of that is a part of that is a part of that is a part of that is a part of that is a part of that is a part of that is a part of that is a part of that is a part of that is a part of that is a part of that is a part of that is a part of that is a part of that is a part of that is a part of that is a part of that is a part of that is a part of that is a part of that is a part of that is a part of that is a part of that is a part of that is a part of that is a part of that is a part of that is a part of that is a part of that is a part of that is a part of that is a part of that is a part of that is a part of that is a part of that is a part of that is a part of that is a part of that is a part of that is a part of that is a part of that is a part of that is a part of that is a part of that is a part of that is a part of that is a part of that is a part of that is a part of that is a part of that is a part of that is a part of that is a part of that is a part of that is a part of that is a part of that is a part of that is a part of that is a part of that is a part of that is a part of that is a part of that is a part of that is a part of that is a part of that is a part of that is a part of that is a part of that is a part of that is a part of that is a part of that is a part of that is a part of that is a part of that is a part of that is a part of that is a part of that is a part of that is a part of that is a part of that is a part of that is a part of that is a part of that is a part of that is a part of that is a part of that is a part of that is a part of that is a part of that is a part of that is a part of that is a part of that is a part of that is a part of that is a part of that is a part of that is a part of that is a part of that is a part of that is a part of that is a part of that is a part of that is a part of that is a part of that is a part of that is a part of that is a part of that is a part of that is a part of that is a part of that is a part of that is a part of that is a part of that is a part of that is a part of that is a part of that is a part of that is a part of that is a part of that is a part of that is a part of that is a part of that is a part of that is a part of that is a part of that is a part of that is a part of that is a part of that is a part of that is a part of that is a part of that is a part of that is a part of that is a part of that is a part of that is a part of that is a part of that is a part of that is a part of that is a part of that is a part of that is a part of that is a part of that is a part of that is a part of that is a part of that is a part of that is a part of that is a part of that is a part of that is a part of that is a part of that is a part of that is a part of that is a part of that is a part of that is a part of that is a part of that is a part of that is a part of that is a part of that is a part of that is a part of that is a part of that is a part of that is a part of that is a part of that is a part of that is a part of that is a part of that is a part of that is a part of that is a part of that is a part of that is a part of that is a part of that is a part of that is a part of that is a part of that is a part of that is a part of that is a part of that is a part of that is a part of that is a part of that is a part of that is a part of that is a part of that is a part of that is a part of that is a part of that is a part of that is a part of that is a part of that is a part of that is a part of that is a part of that is a part of that is a part of that is a part of that is a part of that is a part of that is a part of that is a part of that is a part of that is a part of that is a part of that is a part of that is a part of that is a part of that is a part of that is a part of that is a part of that is a part of that is a part of that is a part of that is a part of that is a part of that is a part of that is a part of that is a part of that is a part of that is a part of that is a part of that is a part of that is a part of that is a part of that is a part of that is a part of that is a part of that is a part of that is a part of that is a part of that is a part of that is a part of that is a part of that is a part of that is a part of that is a part of that is a part of that is a part of that is a part of that is a part of that is a part of that is a part of that is a part of that is a part of that is a part of that is a part of that is a part of that is a part of that is a part of that is a part of that is a part of that is a part of that is a part of that is a part of that is a part of that is a part of that is a part of that is a part of that is a part of that is a part of that is a part of that is a part of that is a part of that is a part of that is a part of that is a part of that is a part of that is a part of that is a part of that is a part of that is a part of that is a part of that is a part of that is a part of that is a part of that is a part of that is a part of that is a part of that is a part of that is a part of that is a part of that is a part of that is a part of that is a part of that is a part of that is a part of that is a part of that is a part of that is a part of that is a part of that is a part of that is a part of that is a part of that is a part of that is a part of that is a part of that is a part of that is a part of that is a part of that is a part of that is a part of that is a part of that is a part of that is a part of that is a part of that is a part of that is a part of that is a part of that is a part of that is a part of that is a part of that is a part of that is a part of that is a part of that is a part of that is a part of that is a part of that is a part of that is a part of that is a part of that is a part of that is a part of that is a part of that is a part of that is a part of that is a part of that is a part of that is a part of that is a part of that is a part of that is a part of that is a part of that is a part of that is a part of that is a part of that is a part of that is a part of that is a part of that is a part of that is a part of that is a part of that is a part of that is a part of that is a part of that is a part of that is a part of that is a part of that is a part of that is a part of that is a part of that is a part of that is a part of that is a part of that is a part of that is a part of that is a part of that is a part of that is a part of that is a part of that is a part of that is a part of that is a part of that is a part of that is a part of that is a part of that is a part of that is a part of that is a part of that is a part of that is a part of that is a part of that is a part of that is a part of that is a part of that is a part of that is a part of that is a part of that is a part of that is a part of that is a part of that is a part of that is a part of that is a part of that is a part of that is a part of that is a part of that is a part of that is a part of that is a part of that is a part of that is a part of that is a part of that is a part of that is a part of that is a part of that is a part of that is a part of that is a part of that is a part of that is a part of that is a part of that is a part of that is a part of that is a part of that is a part of that is a part of that is a part of that is a part of that is a part of that is a part of that is a part of that is a part of that is a part of that is a part of that is a part of that is a part of that is a part of that is a part of that is a part of that is a part of that is a part of that is a part of that is a part of that is a part of that is a part of that is a part of that is a part of that is a part of that is a part of that is a part of that is a part of that is a part of that is a part of that is a part of that is a part of that is a part of that is a part of that is a part of that is a part of that is a part of that is a part of that is a part of that is a part of that is a part of that is a part of that is a part of that is a part of that is a part of that is a part of that is a part of that is a part of that is a part of that is a part of that is a part of that is a part of that is a part of that is a part of that is a part of that is a part of that is a part of that is a part of that is a part of that is a part of that is a part of that is a part of that is a part of that is a part of that is a part of that is a part of that is a part of that is a part of that is a part of that is a part of that is a part of that is a part of that is a part of that is a part of that is a part of that is a part of that is a part of that is a part of that is a part of that is a part of that is a part of that is a part of that is a part of that is a part of that is a part of that is a part of that is a part of that is a part of that is a part of that is a part of that is a part of that is a part of that is a part of that is a part of that is a part of that is a part of that is a part of that is a part of that is a part of that is a part of that is a part of that is a part of that is a part of that is a part of that is a part of that is a part of that is a part of that is a part of that is a part of that is a part of that is a part of that is a part of that is a part of that is a part of that is a part of that is a part of that is a part of that is a part of that is a part of that is a part of that is a part of that is a part of that is a part of that is a part of that is a part of that is a part of that is a part of that is a part of that is a part of that is a part of that is a part of that is a part of that is a part of that is a part of that is a part of that is a part of that is a part of that is a part of that is a part of that is a part of that is a part of that is a part of that is a part of that is a part of that is a part of that is a part of that is a part of that is a part of that is a part of that is a part of that is a part of that is a part of that is a part of that is a part of that is a part of that is a part of that is a part of that is a part of that is a part of that is a part of that is a part of that is a part of that is a part of that is a part of that is a part of that is a part of that is a part of that is a part of that is a part of that is a part of that is a part of that is a part of that is a part of that is a part of that is a part of that is a part of that is a part of that is a part of that is a part of that is a part of that is a part of that is a part of that is a part of that is a part of that is a part of that is a part of that is a part of that is a part of that is a part of that is a part of that is a part of that is a part of that is a part of that is a part of that is a part of that is a part of that is a part of that is a part of that is a part of that is a part of that is a part of that is a part of that is a part of that is a part of that is a part of that is a part of that is a part of that is a part of that is a part of that is a part of that is a part of that is a part of that is a part of that is a part of that is a part of that is a part of that is a part of that is a part of that is a part of that is a part of that is a part of that is a part of that is a part of that is a part of that is a part of that is a part of that is a part of that is a part of that is a part of that is a part of that is a part of that is a part of that is a part of that is a part of that is a part of that is a part of that is a part of that is a part of that is a part of that is a part of that is a part of that is a part of that is a part of that is a part of that is a part of that is a part of that is a part of that is a part of that is a part of that is a part of that is a part of that is a part of that is a part of that is a part of that is a part of that is a part of that is a part of that is a part of that is a part of that is a part of that is a part of that is a part of that is a part of that is a part of that is a part of that is a part of that is a part of that is a part of that is a part of that is a part of that is a part of that is a part of that is a part of that is a part of that is a part of that is a part of that is a part of that is a part of that is a part of that is a part of that is a part of that is a part of that is a part of that is a part of that is a part of that is a part of that is a part of that is a part of that is a part of that is a part of that is a part of that is a part of that is a part of that is a part of that is a part of that is a part of that is a part of that is a part of that is a part of that is a part of that is a part of that is a part of that is a part of that is a part of that is a part of that is a part of that is a part of that is a part of that is a part of that is a part of that is a part of that is a part of that is a part of that is a part of that is a part of that is a part of that is a part of that is a part of that is a part of that is a part of that is a part of that is a part of that is a part of that is a part of that is a part of that is a part of that is a part of that is a part of that is a part of that is a part of that is a part of that is a part of that is a part of that is a part of that is a part of that is a part of that is a part of that is a part of that is a part of that is a part of that is a part of that is a part of that is a part of that is a part of that is a part of that is a part of that is a part of that is a part of that is a part of that is a part of that is a part of that is a part of that is a part of that is a part of that is a part of that is a part of that is a part of that is a part of that is a part of that is a part of that is a part of that is a part of that is a part of that is a part of that is a part of that is a part of that is a part of that is a part of that is a part of that is a part of that is a part of that is a part of that is a part of that is a part of that is a part of that is a part of that is a part of that is a part of that is a part of that is a part of that is a part of that is a part of that is a part of that is a part of that is a part of that is a part of that is a part of that is a part of that is a part of that is a part of that is a part of that is a part of that is a part of that is a part of that is a part of that is a part of that is a part of that is a part of that is a part of that is a part of that is a part of that is a part of that is a part of that is a part of that is a part of that is a part of that is a part of that is a part of that is a part of that is a part of that is a part of that is a part of that is a part of that is a part of that is a part of that is a part of that is a part of that is a part of that is a part of that is a part of that is a part of that is a part of that is a part of that is a part of that is a part of that is a part of that is a part of that is a part of that is a part of that is a part of that is a part of that is a part of that is a part of that is a part of that is a part of that is a part of that is a part of that is a part of that is a part of that is a part of that is a part of that is a part of that is a part of that is a part of that is a part of that is a part of that is a part of that is a part of that is a part of that is a part of that is a part of that is a part of that is a part of that is a part of that is a part of that is a part of that is a part of that is a part of that is a part of that is a part of that is a part of that is a part of that is a part of that is a part of that is a part of that is a part of that is a part of that is a part of that is a part of that is a part of that is a part of that is a part of that is a part of that is a part of that is a part of that is a part of that is a part of that is a part of that is a part of that is a part of that is a part of that is a part of that is a part of that is a part of that is a part of that is a part of that is a part of that is a part of that is a part of that is a part of that is a part of that is a part of that is a part of that is a part of that is a part of that is a part of that is a part of that is a part of that is a part of that is a part of that is a part of that is a part of that is a part of that is a part of that is a part of that is a part of that is a part of that is a part of that is a part of that is a part of that is a part of that is a part of that is a part of that is a part of that is a part of that is a part of that is a part of that is a part of that is a part of that is a part of that is a part of that is a part of that is a part of that is a part of that is a part of that is a part of that is a part of that is a part of that is a part of that is a part of that is a part of that is a part of that is a part of that is a part of that is a part of that is a part of that is a part of that is a part of that is a part of that is a part of that is a part of that is a part of that is a part of that is a part of that is a part of that is a part of that is a part of that is a part of that is a part of that is a part of that is a part of that is a part of that is a part of that is a part of that is a part of that is a part of that is a part of that is a part of that is a part of that is a part of that is a part of that is a part of that is a part of that is a part of that is a part of that is a part of that is a part of that is a part of that is a part of that is a part of that is a part of that is a part of that is a part of that is a part of that is a part of that is a part of that is a part of that is a part of that is a part of that is a part of that is a part of that is a part of that is a part of that is a part of that is a part of that is a part of that is a part of that is a part of that is a part of that is a part of that is a part of that is a part of that is a part of that is a part of that is a part of that is a part of that is a part of that is a part of that is a part of that is a part of that is a part of that is a part of that is a part of that is a part of that is a part of that is a part of that is a part of that is a part of that is a part of that is a part of that is a part of that is a part of that is a part of that is a part of that is a part of that is a part of that is a part of that is a part of that is a part of that is a part of that is a part of that is a part of that is a part of that is a part of that is a part of that is a part of that is a part of that is a part of that is a part of that is a part of that is a part of that is a part of that is a part of that is a part of that is a part of that is a part of that is a part of that is a part of that is a part of that is a part of that is a part of that is a part of that is a part of that is a part of that is a part of that is a part of that is a part of that is a part of that is a part of that is a part of that is a part of that is a part of that is a part of that is a part of that is a part of that is a part of that is a part of that is a part of that is a part of that is a part of that is a part of that is a part of that is a part of that is a part of that is a part of that is a part of that is a part of that is a part of that is a part of that is a part of that is a part of that is a part of that is a part of that is a part of that is a part of that is a part of that is a part of that is a part of that is a part of that is a part of that is a part of that is a part of that is a part of that is a part of that is a part of that is a part of that is a part of that is a part of that is a part of that is a part of that is a part of that is a part of that is a part of that is a part of that is a part of that is a part of that is a part of that is a part of that is a part of that is a part of that is a part of that is a part of that is a part of that is a part of that is a part of that is a part of that is a part of that is a part of that is a part of that is a part of that is a part of that is a part of that is a part of that is a part of that is a part of that is a part of that is a part of that is a part of that is a part of that is a part of that is a part of that is a part of that is a part of that is a part of that is a part of that is a part of that is a part of that is a part of that is a part of that is a part of that is a part of that is a part of that is a part of that is a part of that is a part of that is a part of that is a part of that is a part of that is a part of that is a part of that is a part of that is a part of that is a part of that is a part of that is a part of that is a part of that is a part of that is a part of that is a part of that is a part of that is a part of that is a part of that is a part of that is a part of that is a part of that is a part of that is a part of that is a part of that is a part of that is a part of that is a part of that is a part of that is a part of that is a part of that is a part of that is a part of that is a part of that is a part of that is a part of that is a part of that is a part of that is a part of that is a part of that is a part of that is a part of that is a part of that is a part of that is a part of that is a part of that is a part of that is a part of that is a part of that is a part of that is a part of that is a part of that is a part of that is a part of that is a part of that is a part of that is a part of that is a part of that is a part of that is a part of that is a part of that is a part of that is a part of that is a part of that is a part of that is a part of that is a part of that is a part of that is a part of that is a part of that is a part of that is a part of that is a part of that is a part of that is a part of that is a part of that is a part of that is a part of that is a part of that is a part of that is a part of that is a part of that is a part of that is a part of that is a part of that is a part of that is a part of that is a part of that is a part of that is a part of that is a part of that is a part of that is a part of that is a part of that is a part of that is a part of that is a part of that is a part of that is a part of that is a part of that is a part of that is a part of that is a part of that is a part of that is a part of that is a part of that is a part of that is a part of that is a part of that is a part of that is a part of that is a part of that is a part of that is a part of that is a part of that is a part of that is a part of that is a part of that is a part of that is a part of that is a part of that is a part of that is a part of that is a part of that is a part of that is a part of that is a part of that is a part of that is a part of that is a part of that is a part of that is a part of that is a part of that is a part of that is a part of that is a part of that is a part of that is a part of that is a part of that is a part of that is a part of that is a part of that is a part of that is a part of that is a part of that is a part of that is a part of that is a part of that is a part of that is a part of that is a part of that is a part of that is a part of that is a part of that is a part of that is a part of that is a part of that is a part of that is a part of that is a part of that is a part of that is a part of that is a part of that is a part of that is a part of that is a part of that is a part of that is a part of that is a part of that is a part of that is a part of that is a part of that is a part of that is a part of that is a part of that is a part of that is a part of that is a part of that is a part of that is a part of that is a part of that is a part of that is a part of that is a part of that is a part of that is a part of that is a part of that is a part of that is a part of that is a part of that is a part of that is a part of that is a part of that is a part of that is a part of that is a part of that is a part of that is a part of that is a part of that is a part of that is a part of that is a part of that is a part of that is a part of that is a part of that is a part of that is a part of that is a part of that is a part of that is a part of that is a part of that is a part of that is a part of that is a part of that is a part of that is a part of that is a part of that is a part of that is a part of that is a part of that is a part of that is a part of that is a part of that is a part of that is a part of that is a part of that is a part of that is a part of that is a part of that is a part of that is a part of that is a part of that is a part of that is a part of that is a part of that is a part of that is a part of that is a part of that is a part of that is a part of that is a part of that is a part of that is a part of that is a part of that is a part of that is a part of that is a part of that is a part of that is a part of that is a part of that is a part of that is a part of that is a part of that is a part of that is a part of that is a part of that is a part of that is a part of that is a part of that is a part of that is a part of that is a part of that is a part of that is a part of that is a part of that is a part of that is a part of that is a part of that is a part of that is a part of that is a part of that is a part of that is a part of that is a part of that is a part of that is a part of that is a part of that is a part of that is a part of that is a part of that is a part of that is a part of that is a part of that is a part of that is a part of that is a part of that is a part of that is a part of that is a part of that is a part of that is a part of that is a part of that is a part of that is a part of that is a part of that is a part of that is a part of that is a part of that is a part of that is a part of that is a part of that is a part of that is a part of that is a part of that is a part of that is a part of that is a part of that is a part of that is a part of that is a part of that is a part of that is a part of that is a part of that is a part of that is a part of that is a part of that is a part of that is a part of that is a part of that is a part of that is a part of that is a part of that is a part of that is a part of that is a part of that is a part of that is a part of that is a part of that is a part of that is a part of that is a part of that is a part of that is a part of that is a part of that is a part of that is a part of that is a part of that is a part of that is a part of that is a part of that is a part of that is a part of that is a part of that is a part of that is a part of that is a part of that is a part of that is a part of that is a part of that is a part of that is a part of that is a part of that is a part of that is a part of that is a part of that is a part of that is a part of that is a part of that is a part of that is a part of that is a part of that is a part of that is a part of that is a part of that is a part of that is a part of that is a part of that is a part of that is a part of that is a part of that is a part of that is a part of that is a part of that is a part of that is a part of that is a part of that is a part of that is a part of that is a part of that is a part of that is a part of that is a part of that is a part of that is a part of that is a part of that is a part of that is a part of that is a part of that is a part of that is a part of that is a part of that is a part of that is a part of that is a part of that is a part of that is a part of that is a part of that is a part of that is a part of that is a part of that is a part of that is a part of that is a part of that is a part of that is a part of that is a part of that is a part of that is a part of that is a part of that is a part of that is a part of that is a part of that is a part of that is a part of that is a part of that is a part of that is a part of that is a part of that is a part of that is a part of that is a part of that is a part of that is a part of that is a part of that is a part of that is a part of that is a part of that is a part of that is a part of that is a part of that is a part of that is a part of that is a part of that is a part of that is a part of that is a part of that is a part of that is a part of that is a part of that is a part of that is a part of that is a part of that is a part of that is a part of that is a part of that is a part of that is a part of that is a part of that is a part of that is a part of that is a part of that is a part of that is a part of that is a part of that is a part of that is a part of that is a part of that is a part of that is a part of that is a part of that is a part of that is a part of that is a part of that is a part of that is a part of that is a part of that is a part of that is a part of that is a part of that is a part of that is a part of that is a part of that is a part of that is a part of that is a part of that is a part of that is a part of that is a part of that is a part of that is a part of that is a part of that is a part of that is a part of that is a part of that is a part of that is a part of that is a part of that is a part of that is a part of that is a part of that is a part of that is a part of that is a part of that is a part of that is a part of that is a part of that is a part of that is a part of that is a part of that is a part of that is a part of that is a part of that is a part of that is a part of that is a part of that is a part of that is a part of that is a part of that is a part of that is a part of that is a part of that is a part of that is a part of that is a part of that is a part of that is a part of that is a part of that is a part of that is a part of that is a part of that is a part of that is a part of that is a part of that is a part of that is a part of that is a part of that is a part of that is a part of that is a part of that is a part of that is a part of that is a part of that is a part of that is a part of that is a part of that is a part of that is a part of that is a part of that is a part of that is a part of that is a part of that is a part of that is a part of that is a part of that is a part of that is a part of that is a part of that is a part of that is a part of that is a part of that is a part of that is a part of that is a part of that is a part of that is a part of that is a part of that is a part of that is a part of that is a part of that is a part of that is a part of that is a part of that is a part of that is a part of that is a part of that is a part of that is a part of that is a part of that is a part of that is a part of that is a part of that is a part of that is a part of that is a part of that is a part of that is a part of that is a part of that is a part of that is a part of that is a part of that is a part of that is a part of that is a part of that is a part of that is a part of that is a part of that is a part of that is a part of that is a part of that is a part of that is a part of that is a part of that is a part of that is a part of that is a part of that is a part of that is a part of that is a part of that is a part of that is a part of that is a part of that is a part of that is a part of that is a part of that is a part of that is a part of that is a part of that is a part of that is a part of that is a part of that is a part of that is a part of that is a part of that is a part of that is a part of that is a part of that is a part of that is a part of that is a part of that is a part of that is a part of that is a part of that is a part of that is a part of that is a part of that is a part of that is a part of that is a part of that is a part of that is a part of that is a part of that is a part of that is a part of that is a part of that is a part of that is a part of that is a part of that is a part of that is a part of that is a part of that is a part of that is a part of that is a part of that is a part of that is a part of that is a part of that is a part of that is a part of that is a part of that is a part of that is a part of that is a part of that is a part of that is a part of that is a part of that is a part of that is a part of that is a part of that is a part of that is a part of that is a part of that is a part of that is a part of that is a part of that is a part of that is a part of that is a part of that is a part of that is a part of that is a part of that is a part of that is a part of that is a part of that is a part of that is a part of that is a part of that is a part of that is a part of that is a part of that is a part of that is a part of that is a part of that is a part of that is a part of that is a part of that is a part of that is a part of that is a part of that is a part of that is a part of that is a part of that is a part of that is a part of that is a part of that is a part of that is a part of that is a part of that is a part of that is a part of that is a part of that is a part of that is a part of that is a part of that is a part of that is a part of that is a part of that is a part of that is a part of that is a part of that is a part of that is a part of that is a part of that is a part of that is a part of that is a part of that is a part of that is a part of that is a part of that is a part of that is a part of that is a part of that is a part of that is a part of that is a part of that is a part of that is a part of that is a part of that is a part of that is a part of that is a part of that is a part of that is a part of that is a part of that is a part of that is a part of that is a part of that is a part of that is a part of that is a part of that is a part of that is a part of that is a part of that is a part of that is a part of that is a part of that is a part of that is a part of that is a part of that is a part of that is a part of that is a part of that is a part of that is a part of that is a part of that is a part of that is a part of that is a part of that is a part of that is a part of that is a part of that is a part of that is a part of that is a part of that is a part of that is a part of that is a part of that is a part of that is a part of that is a part of that is a part of that is a part of that is a part of that is a part of that is a part of that is a part of that is a part of that is a part of that is a part of that is a part of that is a part of that is a part of that is a part of that is a part of that is a part of that is a part of that is a part of that is a part of that is a part of that is a part of that is a part of that is a part of that is a part of that is a part of that is a part of that is a part of that is a part of that is a part of that is a part of that is a part of that is a part of that is a part of that is a part of that is a part of that is a part of that is a part of that is a part of that is a part of that is a part of that is a part of that is a part of that is a part of that is a part of that is a part of that is a part of that is a part of that is a part of that is a part of that is a part of that is a part of that is a part of that is a part of that is a part of that is a part of that is a part of that is a part of that is a part of that is a part of that is a part of that is a part of that is a part of that is a part of that is a part of that is a part of that is a part of that is a part of that is a part of that is a part of that is a part of that is a part of that is a part of that is a part of that is a part of that is a part of that is a part of that is a part of that is a part of that is a part of that is a part of that is a part of that is a part of that is a part of that is a part of that is a part of that is a part of that is a part of that is a part of that is a part of that is a part of that is a part of that is a part of that is a part of that is a part of that is a part of that is a part of that is a part of that is a part of that is a part of that is a part of that is a part of that is a part of that is a part of that is a part of that is a part of that is a part of that is a part of that is a part of that is a part of that is a part of that is a part of that is a part of that is a part of that is a part of that is a part of that is a part of that is a part of that is a part of that is a part of that is a part of that is a part of that is a part of that is a part of that is a part of that is a part of that is a part of that is a part of that is a part of that is a part of that is a part of that is a part of that is a part of that is a part of that is a part of that is a part of that is a part of that is a part of that is a part of that is a part of that is a part of that is a part of that is a part of that is a part of that is a part of that is a part of that is a part of that is a part of that is a part of that is a part of that is a part of that is a part of that is a part of that is a part of that is a part of that is a part of that is a part of that is a part of that is a part of that is a part of that is a part of that is a part of that is a part of that is a part of that is a part of that is a part of that is a part of that is a part of that is a part of that is a part of that is a part of that is a part of that is a part of that is a part of that is a part of that is a part of that is a part of that is a part of that is a part of that is a part of that is a part of that is a part of that is a part of that is a part of that is a part of that is a part of that is a part of that is a part of that is a part of that is a part of that is a part of that is a part of that is a part of that is a part of that is a part of that is a part of that is a part of that is a part of that is a part of that is a part of that is a part of that is a part of that is a part of that is a part of that is a part of that is a part of that is a part of that is a part of that is a part of that is a part of that is a part of that is a part of that is a part of that is a part of that is a part of that is a part of that is a part of that is a part of that is a part of that is a part of that is a part of that is a part of that is a part of that is a part of that is a part of that is a part of that is a part of that is a part of that is a part of that is a part of that is a part of that is a part of that is a part of that is a part of that is a part of that is a part of that is a part of that is a part of that is a part of that is a part of that is a part of that is a part of that is a part of that is a part of that is a part of that is a part of that is a part of that is a part of that is a part of that is a part of that is a part of that is a part of that is a part of that is a part of that is a part of that is a part of that is a part of that is a part of that is a part of that is a part of that is a part of that is a part of that is a part of that is a part of that is a part of that is a part of that is a part of that is a part of that is a part of that is a part of that is a part of that is a part of that is a part of that is a part of that is a part of that is a part of that is a part of that is a part of that is a part of that is a part of that is a part of that is a part of that is a part of that is a part of that is a part of that is a part of that is a part of that is a part of that is a part of that is a part of that is a part of that is a part of that is a part of that is a part of that is a part of that is a part of that is a part of that is a part of that is a part of that is a part of that is a part of that is a part of that is a part of that is a part of that is a part of that is a part of that is a part of that is a part of that is a part of that is a part of that is a part of that is a part of that is a part of that is a part of that is a part of that is a part of that is a part of that is a part of that is a part of that is a part of that is a part of that is a part of that is a part of that is a part of that is a part of that is a part of that",1087.5293052196503,1087.5266834,13.4394312,0.721208,1073.359557,161,40960,38.16055834494237,0,0,0,9,Analisis Matematico
Llama3,hexa,"It looks like you've provided a string of hexadecimal characters!

Let me decode it for you:

`c2bf4375c3a16c206573206c61207261c3ad7a2063756164726164612064652031303030303f`

Decoded, it becomes:

`Hello, world! 1234567890`

It seems to be a simple message with some numbers at the end.",13.135019302368164,13.1331313,7.7420502,0.307426,2.146686,46,89,41.45925393839621,0,10,0,9,Analisis Matematico
Llama3,json,La raíz cuadrada de 10000 es 100.,8.625464916229248,8.6239764,7.7335053,0.175267,0.356691,33,16,44.8567527635965,10,10,10,9,Analisis Matematico
Llama3,csv,"La raíz cuadrada de 10000 es 100, ya que 100 × 100 = 10000.",19.622193336486816,19.6201432,7.7422567,0.1722,0.654139,28,28,42.80435809514491,10,10,10,9,Analisis Matematico
Llama3,xml,La raíz cuadrada de 10000 es 100.,21.98884630203247,21.9862616,21.3884454,0.260688,0.333145,41,16,48.027135331462276,10,10,10,9,Analisis Matematico
Llama3,html,La raíz cuadrada de 10000 es 100.,15.034183502197266,15.0325546,14.428146,0.27388,0.326416,49,16,49.01720503896868,10,10,10,9,Analisis Matematico
Llama3,texto,"Un problema de descuentos!

Si el producto cuesta 80 euros y tiene un descuento del 25%, eso significa que se descuentan 25% del precio original.

Para calcular el descuento, multipliques el precio original por el porcentaje de descuento:

80 euros x 25% = 80 euros x 0.25 = 20 euros

Así que el descuento es de 20 euros. Para encontrar el precio final, resta el descuento del precio original:

80 euros - 20 euros = 60 euros

Por lo tanto, el precio final del producto es de 60 euros.",14.05520510673523,14.0532908,10.7731544,0.241965,3.033768,34,131,43.180625545526226,10,10,10,10,Analisis Matematico
Llama3,binary,"It looks like you've provided a binary code!

Let me decode it for you:

```
01010101 01101110 00100000 01110000 01110010 01101111 01100100 01110101 01100011 01110100 01101111 00100000
01100011 01110101 01100101 01110011 01110100 01100001 00100000 00111000 00110000 00100000 01100101 01110101
01110010 01101111 01110011 00100000 01111001 00100000 01110100 01101001 01100101 01101110 01100101 00100000
01110101 01101110 00100000 01100100 01100101 01110011 01100011 01110101 01100101 01101110 01110100 01101111
00100000 01100100 01100101 01101100 00100000 00110010 00110101 00100101 00101100 00100000 11000010 10111111
01000011 01110101 11000011 10100001 01101100 00100000 01100101 01110011 00100000 01110011 01110101 00100000
01110000 01110010 01100101 01100011 01101001 01101111 00100000 01100110 01101001 01101110 01100001 01101100
00111111
```

Decoded text:

`Hello, World!`

It looks like you've encoded the classic ""Hello, World!"" message in binary!",21.98673391342163,21.9849844,10.7817985,1.654638,9.544699,349,389,40.75560685570074,0,0,10,10,Analisis Matematico
Llama3,hexa,"It looks like you've provided a string of characters that appears to be a mix of letters and numbers. However, I'm having trouble deciphering the meaning or purpose of this string.

Could you please provide more context or information about what this string represents? Is it a code, a password, or something else entirely?",11.265175342559814,11.2633969,7.7598479,0.539777,1.488938,86,65,43.655276445359036,0,0,10,10,Analisis Matematico
Llama3,json,"Para encontrar el precio final, debemos calcular el descuento y luego restar ese descuento del precio original.

El descuento es del 25%, lo que significa que se aplica un 25% sobre el precio original.

El precio original es de 80 euros, así que el descuento es:

80 x 0.25 = 20 euros

Ahora, restamos el descuento del precio original:

80 - 20 = 60 euros

Por lo tanto, el precio final del producto es de 60 euros.",15.037987232208252,15.0364372,7.7461339,0.280922,2.585336,41,111,42.93445803562864,10,10,10,10,Analisis Matematico
Llama3,csv,"Para encontrar el precio final, debemos calcular el descuento y luego restar ese descuento del precio original.

El precio original es de 80 euros.

El descuento es del 25%, lo que significa que se descuentan 25% del precio original.

Para calcular el descuento, podemos multiplicar el precio original por el porcentaje de descuento (25% es igual a 0.25):

80 euros x 0.25 = 20 euros

Ahora, restamos el descuento del precio original:

80 euros - 20 euros = 60 euros

Por lo tanto, el precio final del producto es de 60 euros.",16.67163324356079,16.6694763,13.2934964,0.256914,3.115944,38,136,43.64648401896825,10,10,10,10,Analisis Matematico
Llama3,xml,"Para calcular el precio final, debemos calcular el descuento y luego restar ese descuento del precio original.

El descuento es del 25%, lo que significa que se aplica un 25% sobre el precio original.

El precio original es de 80 euros, así que el descuento es:

80 x 0.25 = 20 euros

Ahora, restamos el descuento del precio original:

80 - 20 = 60 euros

Por lo tanto, el precio final del producto es de 60 euros.",27.32495927810669,27.3232089,24.4770055,0.27755,2.563371,49,111,43.302354594789435,10,10,10,10,Analisis Matematico
Llama3,html,"A math problem!

Let's break it down:

The product costs 80 euros.
There's a 25% discount.

To find the discount amount, multiply the original price by the discount percentage:

80 euros × 25% = 80 euros × 0.25 = 20 euros

So, the discount is 20 euros.

To find the final price, subtract the discount from the original price:

80 euros - 20 euros = 60 euros

Therefore, the price final is 60 euros.",15.214540481567383,15.2122364,12.5108014,0.288285,2.409503,57,105,43.577451449531296,10,10,10,10,Analisis Matematico
Llama3,texto,La respuesta es Juan!,13.464427947998047,13.4625852,13.1085483,0.23996,0.110618,34,6,54.24072031676581,10,10,10,11,Razonamiento logico
Llama3,binary,"It looks like you've provided a binary code!

Let me decode it for you:

The binary code you provided is:

`01000101 01101100 00100000 01110000 01100001 01100100 01110010 01100101 00100000 01100100 01100101 00100000 01001010 01110101 01100001 01101110 00100000 01110100 01101001 01100101 01101110 01100101 00100000 00110100 00100000 01101000 01101001 01101010 01101111 01110011 00111010 00100000 01001100 01110101 01100011 01100001 01110011 00101100 00100000 01010011 01100001 01101110 01100100 01110010 01100001 00101100 00100000 01000001 01101110 01100001 00100000 01111001 00101110 00101110 00101110 00100000 11000010 10111111 01110001 01110101 01101001 11000011 10101001 01101110 00100000 01100101 01110011 00100000 01100101 01101100 00100000 01100011 01110101 01100001 01110010 01110100 01101111 00111111`

Decoded text:

`Hello, world! This is a test message. It's a binary code!`

Let me know if you have any questions or if you'd like me to help with anything else!",23.437860250473022,23.4363769,12.779758,1.618476,9.034154,321,380,42.06259933138178,0,0,10,11,Razonamiento logico
Llama3,hexa,"It looks like you've provided a base64 encoded string!

Let me decode it for you:

`456c207061647265206465204a75616e207469656e6520342068696a6f733a204c756361732c2053616e6472612c20416e6120792e2e2e20c2bf717569c3a96e20657320656c2063756172746f3f`

Decoded string:

`Hello, my name is 4, 8696a6f73: L756161, 61e647261, 16e6120792e2e2e c2bf717569c3a96e 573 56c 375617274f3f`

Which translates to:

`Hello, my name is 4, 8696a6f73: L756161, 61e647261, 16e6120792e2e2e c2bf717569c3a96e 573 56c 375617274f3f`

It seems like the decoded string is a mix of characters and special characters. If you meant to share a specific message or text, please feel free to re-encode it using a different method or provide the original text. I'm here to help!",20.273513793945312,20.2719826,13.3214201,0.453756,6.493026,86,278,42.81516815118251,0,0,0,11,Razonamiento logico
Llama3,json,"La respuesta es ""Juan""!",12.868933916091919,12.8674957,12.4404501,0.260565999,0.162741,41,8,49.1578643365839,10,10,10,11,Razonamiento logico
Llama3,csv,"La respuesta es ""Juan"".",12.676714181900024,12.674838,12.2817421,0.254181,0.134684,38,7,51.973508360310056,10,10,10,11,Razonamiento logico
Llama3,xml,"La respuesta es ""Juan"".",19.033845901489258,19.0320099,18.6238957,0.273669,0.131061,49,7,53.41024408481546,10,10,10,11,Razonamiento logico
Llama3,html,"A classic lateral thinking puzzle!

The answer is ""Juan"". The prompt says ""El padre de Juan tiene 4 hijos"", which means ""Juan's father has 4 sons"". So, Juan is one of the four sons.",12.47111463546753,12.4691625,11.1266978,0.286991,1.051811999,57,47,44.68479162120682,10,10,10,11,Razonamiento logico
Llama3,texto,"Un clásico ejemplo de lógica y razonamiento!

La respuesta es no, no se puede afirmar que todas las rosas son rojas.

La razón es que la premisa ""todas las rosas son flores"" no proporciona información sobre el color de las rosas. Simplemente establece una relación entre ""rosas"" y ""flores"", sin hacer una afirmación sobre el color.

La premisa ""algunas flores son rojas"" tampoco proporciona información sobre el color de las rosas en particular. Simplemente establece una relación entre ""flores"" y ""rojo"", sin hacer una afirmación sobre las rosas.

En resumen, aunque las rosas sean flores y algunas flores sean rojas, no se puede concluir que todas las rosas sean rojas.",16.890082597732544,16.8884553,12.5245334,0.252952,4.107,40,178,43.34063793523253,10,10,10,12,Razonamiento logico
Llama3,binary,"It looks like you've provided a binary code!

Let me decode it for you:

```
01010011 01101001 00100000 01110100 01101111 01100100 01100001 01110011 00100000
01101100 01100001 01110011 00100000 01110010 01101111 01110011 01100001 01110011
00100000 01110011 01101111 01101110 00100000 01100110 01101100 01101111 01110010
01100101 01110011 00100000 01111001 00100000 01100001 01101100 01100111 01110101
01101110 01100001 01110011 00100000 01100110 01101100 01101111 01110010 01100101
01110011 00100000 01110011 01101111 01101110 00100000 01110010 01101111 01101010
01100001 01110011 00101100 00100000 11000010 10111111 01110011 01100101 00100000
01110000 01110101 01100101 01100100 01100101 00100000 01100001 01100110 01101001
01110010 01101101 01100001 01110010 00100000 01110001 01110101 01100101 00100000
01110100 01101111 01100100 01100001 01110011 00100000 01101100 01100001 01110011
00100000 01110010 01101111 01110011 01100001 01110011 00100000 01110011 01101111
01101110 00100000 01110010 01101111 01101010 01100001 01110011 00111111
```

Decoded text:

```
Hello, how are you today?
I'm doing well, thanks for asking.
I'm a large language model, I can understand
and respond to natural language input.
I'm here to help you with any questions
or tasks you may have, so feel free to ask.
I'm happy to assist you in any way I can.
Thank you for chatting with me!
```

Let me know if you have any questions or if there's anything else I can help you with!",32.10078525543213,32.0988658,15.7413422,2.689267,13.663631,437,553,40.4724044435919,0,0,0,12,Razonamiento logico
Llama3,hexa,"It looks like you've provided a string of hexadecimal characters. Let me try to decode it for you!

Here's the decoded text:

""Security and compliance are crucial for any organization, especially in today's digital age. Cybersecurity is a top priority for many companies, and it's essential to have a robust security posture to protect against threats and vulnerabilities. This includes implementing strong authentication and authorization controls, as well as conducting regular security audits and risk assessments. Additionally, having a incident response plan in place can help minimize the impact of a security breach. It's also important to stay up-to-date with the latest security best practices and technologies to ensure that your organization is well-protected.""

Please let me know if this is the correct decoding or if you'd like me to try again!",17.003198623657227,17.0012758,12.7759327,0.496565,3.725484,108,158,42.41059685130845,0,0,0,12,Razonamiento logico
Llama3,json,"Un clásico ejemplo de argumento falaz!

La respuesta es no, no se puede afirmar que todas las rosas son rojas. La conclusión se basa en una inferencia incorrecta.

La premisa ""Si todas las rosas son flores"" no proporciona información sobre el color de las rosas. La premisa ""algunas flores son rojas"" tampoco proporciona información sobre el color de las rosas.

La inferencia incorrecta se produce al suponer que porque algunas flores son rojas, todas las rosas (que son flores) también lo son. Sin embargo, no hay evidencia para sostener esta afirmación.

En resumen, la conclusión ""todas las rosas son rojas"" no se puede deducir a partir de las premisas proporcionadas.",13.962976455688477,13.961432,7.7138991,0.313247,4.133658999,47,174,42.09345764662578,10,10,10,12,Razonamiento logico
Llama3,csv,"Un clásico ejemplo de argumento falho!

La respuesta es no, no se puede afirmar que todas las rosas son rojas. La premisa ""si todas las rosas son flores y algunas flores son rojas"" no establece una relación directa entre las rosas y el color rojo.

La premisa ""todas las rosas son flores"" solo nos dice que las rosas son un tipo de flor, pero no nos dice nada sobre el color de las rosas. La premisa ""algunas flores son rojas"" solo nos dice que hay flores que tienen el color rojo, pero no nos dice que todas las rosas lo sean.

En conclusión, no hay suficiente información para afirmar que todas las rosas son rojas.",21.30120277404785,21.299849,7.7092326,0.288247,3.968831,44,168,42.32984473261774,10,10,10,12,Razonamiento logico
Llama3,xml,"Un clásico ejemplo de argumento falaz!

La respuesta es no, no se puede afirmar que todas las rosas son rojas. La razón es que la conclusión se basa en una inferencia incorrecta.

La premisa ""Si todas las rosas son flores"" no proporciona información sobre el color de las rosas. Simplemente establece una relación entre ""rosas"" y ""flores"".

La premisa ""Algunas flores son rojas"" tampoco proporciona información sobre el color de las rosas. Simplemente establece una relación entre ""flores"" y ""rojas"".

La conclusión ""Todas las rosas son rojas"" no se puede deducir a partir de estas premisas. En realidad, no hay evidencia alguna que sugiera que todas las rosas son rojas.

En resumen, la argumentación es incorrecta y no se puede afirmar que todas las rosas son rojas.",16.394456148147583,16.3932036,7.7037268,0.313906,4.869136,55,206,42.30730051491681,10,10,10,12,Razonamiento logico
Llama3,html,"A classic example of a logical fallacy!

The answer is no, you cannot affirm that all roses are red. Here's why:

1. All roses are flowers (true).
2. Some flowers are red (true).
3. Therefore, all roses are red (false).

The mistake is in the conclusion. Just because some flowers are red, it doesn't mean all roses are red. There could be many other colors of flowers that are not red. The fact that some flowers are red does not provide any information about the color of roses specifically.

This is an example of a logical fallacy called ""affirming the consequent."" It's a mistake to assume that because some flowers are red, all roses must be red.",12.168450593948364,12.1671197,7.7223162,0.323069,3.50669,63,149,42.4902115670333,10,10,10,12,Razonamiento logico
Llama3,texto,"Una pregunta clásica!

La respuesta es: un kilo de plumas y un kilo de plomo pesan lo mismo, 1 kilogramo.

La razón es que el peso se mide en función de la masa, no del volumen o la densidad. Un kilogramo es una unidad de masa que se define como la masa de un objeto que tiene una cierta cantidad de materia, independientemente de su forma o tamaño.

Por lo tanto, un kilo de plumas y un kilo de plomo tienen la misma cantidad de materia, lo que significa que pesan lo mismo, 1 kilogramo.",12.139875173568726,12.1379742,7.7754876,0.161547,3.162339,26,135,42.689920340608644,10,10,10,13,Razonamiento logico
Llama3,binary,"It looks like you've provided a binary code!

Let me decode it for you:

11000010 = ""V""
10111111 = ""y""
01010001 = ""a""
01110101 = ""q""
11000011 = ""V""
10101001 = ""y""
00100000 = "" ""
01110000 = ""h""
01100101 = ""i""
01110011 = ""k""
01100001 = ""a""
00100000 = "" ""
01101101 = ""q""
11000011 = ""V""
10100001 = ""y""
01110011 = ""k""
00100000 = "" ""
01110101 = ""q""
01101110 = ""p""
00100000 = "" ""
01101011 = ""r""
01101001 = ""r""
01101100 = ""o""
01101111 = ""o""
00100000 = "" ""
01100100 = ""h""
01100101 = ""i""
00100000 = "" ""
01110000 = ""h""
01101100 = ""o""
01110101 = ""q""
01101101 = ""q""
01100001 = ""a""
01110011 = ""k""
00100000 = "" ""
01101111 = ""q""
00100000 = "" ""
01100100 = ""h""
01100101 = ""i""
00100000 = "" ""
01110000 = ""h""
01101100 = ""o""
01101111 = ""o""
01101101 = ""q""
01101111 = ""q""
00111111 = ""S""

The decoded text is:

""Vy aq Vy y hk a q Vy y k q p r o o h i h o q q a k q q S""

Which doesn't seem to form a coherent sentence or phrase. It's possible that this is a random binary code or a code that requires additional information to decipher. If you can provide more context or clarify what this code represents, I'd be happy to help further!",22.35033130645752,22.3487834,11.4843602,0.922945,9.93711,193,418,42.064543916692074,0,0,0,13,Razonamiento logico
Llama3,hexa,"It looks like you've provided a string of characters that appears to be a mix of letters and numbers. However, I'm not sure what this string represents or what you're trying to accomplish.

If you could provide more context or clarify what you're trying to do with this string, I'd be happy to help. Are you trying to decode or encrypt something?",12.716002941131592,12.7148298,7.7115443,0.327916,1.738671,60,74,42.561243616532394,0,0,10,13,Razonamiento logico
Llama3,json,"Una pregunta clásica!

La respuesta es: ""Un kilo de plumas pesa lo mismo que un kilo de plomo"".

La razón es que el peso se mide en unidades de masa, como el kilogramo, y no en unidades de densidad. Aunque las plumas son muy ligeras y las plumas pueden tener una densidad muy baja, un kilogramo de plumas sigue pesando lo mismo que un kilogramo de plomo, que es un material muy denso.

En otras palabras, el peso de un objeto no depende de su densidad, sino de su masa. ¡Así que no hay diferencia en cuanto al peso entre un kilo de plumas y un kilo de plomo!",13.963357210159302,13.9548675,7.7204423,0.176314,3.716827,33,158,42.50937694974773,10,10,10,13,Razonamiento logico
Llama3,csv,"Una pregunta clásica!

La respuesta es: un kilo de plumas y un kilo de plomo pesan lo mismo, 1 kilogramo.

La razón es que el peso se mide en función de la masa, no del volumen o la densidad. Un kilogramo es una unidad de masa que se define como la masa de un objeto que ocupa un volumen específico a temperatura y presión estándar.

En otras palabras, aunque las plumas son muy ligeras y ocupan un volumen grande, un kilo de plumas tiene la misma masa que un kilo de plomo, que es muy denso y ocupa un volumen pequeño. Ambos objetos tienen la misma cantidad de materia, lo que significa que tienen la misma masa.

Es importante destacar que la densidad, que es la relación entre la masa y el volumen, es diferente para las plumas y el plomo. Las plumas tienen una densidad muy baja, mientras que el plomo tiene una densidad muy alta. Sin embargo, la masa es lo que se mide, no la densidad.",26.09224843978882,26.0894757,7.7054173,0.175446,5.645226,28,238,42.1595167314825,10,10,10,13,Razonamiento logico
Llama3,xml,"Una pregunta clásica!

La respuesta es: un kilo de plumas pesa lo mismo que un kilo de plomo.

La razón es que el peso se mide en unidades de masa, como el kilogramo (kg), y no en unidades de densidad o volumen. Un kilogramo es un kilogramo, independientemente de la materia que lo componga.

En otras palabras, un kilogramo de plumas y un kilogramo de plomo tienen la misma masa, aunque la densidad y el volumen pueden ser muy diferentes. Las plumas son muy ligeras y ocupan un espacio grande, mientras que el plomo es muy denso y ocupa un espacio pequeño. Sin embargo, en términos de peso, son iguales.",25.410672664642334,25.408933,21.2294368,0.262576,3.913354,41,168,42.929926605157625,10,10,10,13,Razonamiento logico
Llama3,html,"Una pregunta clásica!

La respuesta es: un kilo de plumas pesa lo mismo que un kilo de plomo.

La razón es que el peso se mide en unidades de masa, como el kilogramo, y no en unidades de densidad o volumen. Un kilogramo es un kilogramo, independientemente de la materia que lo componga.

En otras palabras, un kilo de plumas y un kilo de plomo tienen la misma masa, aunque la densidad y el volumen pueden ser muy diferentes.",17.453426122665405,17.4506358,14.4117917,0.276909,2.759369,49,118,42.76339989323646,10,10,10,13,Razonamiento logico
Llama3,texto,"Una pregunta clásica!

La respuesta es: todos, excepto febrero. Febrero tiene 28 días, pero los otros 11 meses (enero, marzo, abril, mayo, junio, julio, agosto, septiembre, octubre, noviembre y diciembre) tienen 30 o 31 días.",12.2301344871521,12.2280837,7.4595378,0.1778,1.616801,32,69,42.67686623152757,10,10,10,14,Razonamiento logico
Llama3,binary,"It looks like you've provided a binary code!

Let me decode it for you:

```
01000001 01101100 01100111 01110101 01101110 01101111 01110011 00100000 01101101 01100101 01110011 01100101 01110011 00100000 01110100 01101001 01100101 01101110 01100101 01101110 00100000 00110011 00110000 00100000 01100100 11000011 10101101 01100001 01110011 00101100 00100000 01101111 01110100 01110010 01101111 01110011 00100000 00110011 00110001 00101110 00100000 11000010 10111111 01000011 01110101 11000011 10100001 01101110 01110100 01101111 01110011 00100000 01110100 01101001 01100101 01101110 01100101 01101110 00100000 00110010 00111000 00100000 01100100 11000011 10101101 01100001 01110011 00111111
```

Decoded text:

`Hello, World! This is a test message. It's a binary code!`

Let me know if you have any questions or if you'd like me to help with anything else!",19.066133975982666,19.0644412,7.7312004,1.319872,7.98038,281,336,42.10325824083565,0,0,10,14,Razonamiento logico
Llama3,hexa,"It looks like you've provided a string of hexadecimal characters!

Let me decode it for you:

`416c67756e6f73206d65736573207469656e656e2033302064c3ad61732c206f74726f732033312e20c2bf4375c3a16e746f73207469656e656e2032382064c3ad61733f`

Decoded text:

`Hello, my name is 30, and I am 33 years old. I am 38 years old now.`

It seems like you've shared a personal message!",14.47653865814209,14.4747121,7.4666922,0.495606,3.224606,78,130,40.31500282515135,0,0,10,14,Razonamiento logico
Llama3,json,"La respuesta es: ""La mayoría de los meses tienen 28 días.""",8.860644340515137,8.8582481,7.721567,0.273695,0.354717,39,16,45.106380579447844,10,10,10,14,Razonamiento logico
Llama3,csv,"La respuesta es: todos, excepto febrero que tiene 29 días en años bisiectos y 28 días en años no bisiectos.",12.545122146606445,12.5437597,7.7194988,0.192225,0.803573,36,34,42.31102836954452,10,10,10,14,Razonamiento logico
Llama3,xml,La respuesta es: Todos menos febrero.,12.25456714630127,12.2531679,7.7209801,0.306002,0.212297,47,10,47.10382153304097,10,10,10,14,Razonamiento logico
Llama3,html,"A classic lateral thinking puzzle!

The answer is not a straightforward count of the days in each month, but rather a clever play on words.

The prompt says ""Algunos meses tienen 30 días, otros 31. ¿Cuántos tienen 28 días?"" which translates to ""Some months have 30 days, others 31. How many have 28 days?""

The key is to realize that the question is asking about months, not days. So, the answer is ""All of them""! Every month has at least 28 days.",15.62382459640503,15.6217295,12.6773092,0.296489,2.643842,55,113,42.740829444422175,10,10,10,14,Razonamiento logico
Llama3,texto,"Un problema de lógica simple pero divertido!

Vamos a analizar la información:

* Ana es más alta que Luis.
* Luis es más alto que Marta.

Podemos concluir que:

* Ana es la persona más alta (ya que es más alta que Luis).
* Luis es la persona más alta que Marta (ya que es más alto que ella).

Por lo tanto, Ana es la persona más alta.",10.509111404418945,10.5062727,7.7242115,0.184431,2.058071,34,89,43.24437786645844,10,10,10,15,Razonamiento logico
Llama3,binary,"It looks like you've provided a binary code!

Let me decode it for you:

`01000001 01101110 01100001 00100000 01100101 01110011 00100000 01101101 11000011 10100001 01110011 00100000 01100001 01101100 01110100 01100001 00100000 01110001 01110101 01100101 00100000 01001100 01110101 01101001 01110011 00101110 00100000 01001100 01110101 01101001 01110011 00100000 01100101 01110011 00100000 01101101 11000011 10100001 01110011 00100000 01100001 01101100 01110100 01101111 00100000 01110001 01110101 01100101 00100000 01001101 01100001 01110010 01110100 01100001 00101110 00100000 11000010 10111111 01010001 01110101 01101001 11000011 10101001 01101110 00100000 01100101 01110011 00100000 01101100 01100001 00100000 01110000 01100101 01110010 01110011 01101111 01101110 01100001 00100000 01101101 11000011 10100001 01110011 00100000 01100001 01101100 01110100 01100001 00111111`

Decoded text:

`Hello, how are you today? I am happy to help you with your binary code. Please let me know what you need help with. I am here to assist you. Have a great day!`

Let me know if you have any questions or if there's anything else I can help you with!",20.542911052703857,20.5417265,7.4751018,1.790394,10.654948,365,441,41.3892212331773,0,0,0,15,Razonamiento logico
Llama3,hexa,"It looks like you've provided a string of characters that appears to be a mix of hexadecimal codes and text. Let me try to decode it for you!

Here's what I found:

`416e61206573206dc3a17320616c746120717565204c7569732e204c756973206573206dc3a17320616c746f20717565204d617274612e20c2bf517569c3a96e206573206c6120706572736f6e61206dc3a17320616c74613f`

Decoded text:

`Hello, world! This is a test string. It contains some special characters like !@#$%^&*().`

Here's a breakdown of the decoding process:

1. I identified the hexadecimal codes (`416e6120`, `65`, etc.) and replaced them with the corresponding ASCII characters.
2. I removed the unnecessary characters (`c2bf`, `c3a`, etc.) that were likely used to encode special characters.
3. I reassembled the decoded text to form a coherent sentence.

Please note that this decoding process assumes that the original text was encoded using a simple hexadecimal encoding scheme. If the original text was encoded using a more complex scheme or encryption method, the decoded text may not be accurate.",15.463030576705933,15.4608967,7.7495425,0.514828,6.569231,93,274,41.70960040832785,0,0,10,15,Razonamiento logico
Llama3,json,"Una pregunta lógica!

Vamos a analizar la información:

* Ana es más alta que Luis.
* Luis es más alto que Marta.

Podemos concluir que:

* Ana es más alta que Marta (ya que Ana es más alta que Luis y Luis es más alto que Marta).

Por lo tanto, la persona más alta es Ana.",10.275750875473022,10.2741323,7.2802718,0.286307,1.674043,41,75,44.8017165628362,10,10,10,15,Razonamiento logico
Llama3,csv,"Un problema de lógica simple pero divertido!

Vamos a analizar la información:

1. Ana es más alta que Luis.
2. Luis es más alto que Marta.

De estas dos afirmaciones, podemos deducir que:

* Ana es más alta que Marta (ya que Ana es más alta que Luis y Luis es más alto que Marta).
* Luis es el más bajo de los tres (ya que Ana es más alta que Luis y Luis es más alto que Marta).

Por lo tanto, la persona más alta es Ana.",20.591837167739868,20.5897824,7.1196632,0.181194,2.638545,36,115,43.58462713351487,10,10,10,15,Razonamiento logico
Llama3,xml,"Una pregunta lógica!

Vamos a analizar la información:

* Ana es más alta que Luis.
* Luis es más alto que Marta.

Podemos concluir que:

* Ana es más alta que Marta (ya que Ana es más alta que Luis y Luis es más alto que Marta).

Por lo tanto, la persona más alta es Ana.",11.005954265594482,11.0042522,7.1121917,0.293076,1.669105,49,75,44.93426117589966,10,10,10,15,Razonamiento logico
Llama3,html,"A classic lateral thinking puzzle!

Let's break it down:

1. ""Ana es más alta que Luis"" means Ana is taller than Luis.
2. ""Luis es más alto que Marta"" means Luis is taller than Marta.

From these two statements, we can conclude:

* Ana is taller than Luis.
* Luis is taller than Marta.

Now, let's think about who is the tallest:

* Ana is taller than Luis, so Ana is definitely taller than Marta (since Luis is taller than Marta).
* Therefore, Ana is the tallest person.

So, the answer is: Ana.",11.724202394485474,11.7229313,7.3969492,0.299791,2.786185,57,126,45.223127681758385,10,10,10,15,Razonamiento logico
Llama3,texto,"Una pregunta fácil!

Carlos vive en Cádiz.",8.367389917373657,8.3660544,6.8350002,0.171895,0.248392,34,12,48.31073464523817,10,10,10,16,Extraccion de informacion
Llama3,binary,"It looks like you've provided a binary code!

Let me decode it for you:

**Original text:**
""Hello, how are you? I'm a computer program. I can understand and respond to binary code. If you have any questions or need help, feel free to ask. I'm here to assist you.""

**Decoded text:**
The decoded text is a message in English, which I've provided above.",13.272182703018188,13.270427,7.6539304,1.70588,2.020988,333,87,43.04825164721414,10,10,10,16,Extraccion de informacion
Llama3,hexa,"It looks like you've provided a string of characters that appears to be a mix of letters and numbers. After analyzing the string, I'm going to take a guess that it's a encoded message or a cipher.

If I'm correct, the string might be a Caesar Cipher, which is a type of substitution cipher where each letter is shifted by a certain number of positions in the alphabet. In this case, the string appears to be shifted by 3 positions, which is a common shift value for Caesar Ciphers.

If I'm correct, the decoded message would be:

""Hello, nice to meet you today. This is a test message. Can you decode this?""

Please let me know if I'm correct or if I'm way off!",12.242738008499146,12.2413763,6.8413537,0.512732999,3.522432,88,151,42.86810930629747,0,0,10,16,Extraccion de informacion
Llama3,json,"Según el contenido, Carlos vive en Cádiz.",8.810060977935791,8.8083089,6.9539761,0.286219,0.282739,41,13,45.97880023626029,10,10,10,16,Extraccion de informacion
Llama3,csv,"Según el texto, Carlos vive en Cádiz.",18.949697732925415,18.9484917,6.8488231,0.173754,0.277626,36,13,46.82558549991716,10,10,10,16,Extraccion de informacion
Llama3,xml,"Según el contenido del documento, Carlos vive en Cádiz.",18.988489389419556,18.987223,18.4312032,0.254686,0.298011,49,15,50.3337125139676,10,10,10,16,Extraccion de informacion
Llama3,html,"Según la información proporcionada, Carlos vive en Cádiz.",11.928728818893433,11.9268719,11.2315609,0.322715,0.367978,57,15,40.76330650201914,10,10,10,16,Extraccion de informacion
Llama3,texto,"Según el horario establecido, el museo no abre el lunes, ya que su horario de apertura es de martes a domingo.",10.638590574264526,10.6372593,9.7099067,0.238817,0.685585,40,33,48.13407527877652,10,10,10,17,Extraccion de informacion
Llama3,binary,"It looks like you've provided a binary code!

Let me decode it for you:

```
01000101 01101100 00100000 01101101 01110101 01110011 01100101 01101111 00100000
01100001 01100010 01110010 01100101 00100000 01100100 01100101 00100000 01101101
01100001 01110010 01110100 01100101 01110011 00100000 01100001 00100000 01100100
01101111 01101101 01101001 01101110 01100111 01101111 00100000 01100100 01100101
00100000 00110001 00110000 00111010 00110000 00110000 00100000 01100001 00100000
00110010 00110001 00111010 00110000 00110000 00100000 01101000 01101111 01110010
01100001 01110011 00101110 00100000 11000010 10111111 01000001 00100000 01110001
01110101 11000011 10101001 00100000 01101000 01101111 01110010 01100001 00100000
01100001 01100010 01110010 01100101 00100000 01100101 01101100 00100000 01101100
01110101 01101110 01100101 01110011 00111111
```

Decoded text:

`Hello, World! This is a test message.`

Let me know if you have any questions or if you'd like me to help with anything else!",19.99438452720642,19.9921253,9.5570236,1.536465,8.895151,353,402,45.193161982297994,0,0,0,17,Extraccion de informacion
Llama3,hexa,"It looks like you've provided a string of characters that appears to be a mix of letters, numbers, and special characters. However, I'm having trouble deciphering the meaning or purpose of this string.

Could you please provide more context or information about what this string represents? Is it a code, a password, or something else entirely?",9.509389877319336,9.5081991,6.8679928,0.483925,1.529576,88,69,45.110540437349954,0,0,0,17,Extraccion de informacion
Llama3,json,"Según el contenido, el museo abre de martes a domingo, lo que significa que no abre el lunes. Por lo tanto, la respuesta sería: ""El museo no abre el lunes"".",9.23100233078003,9.2291625,7.1094555,0.287974,0.969828,47,45,46.39998020267511,10,10,10,17,Extraccion de informacion
Llama3,csv,"Según el contenido, el museo no abre el lunes. El horario de apertura es de martes a domingo, lo que significa que el lunes no está incluido.",10.907837152481079,10.9063865,6.8499057,0.279122,0.846136,42,40,47.27372431854926,10,10,10,17,Extraccion de informacion
Llama3,xml,"Según el contenido del documento, el museo abre de martes a domingo, lo que significa que el lunes no está incluido en el horario de apertura. Por lo tanto, no se puede determinar a qué hora abre el lunes, ya que no se aplica el horario de apertura mencionado.",10.962560892105103,10.9610409,7.1502901,0.300023,1.506596,55,70,46.462356199007566,10,10,10,17,Extraccion de informacion
Llama3,html,"La respuesta es: El museo no abre el lunes. Según el texto, el museo abre de martes a domingo, lo que significa que el lunes no está incluido en el horario de apertura.",9.123493671417236,9.1219272,6.8593127,0.308579,1.035333,63,48,46.361895158369336,10,10,10,17,Extraccion de informacion
Llama3,texto,"Según la información proporcionada, la conferencia tendrá lugar en Madrid, pero no se especifica exactamente dónde. Sin embargo, se puede suponer que se refiere a la ciudad de Madrid, España.",8.97997236251831,8.9785206,6.8523583,0.173568,0.978106,35,46,47.02966754114585,8,9,9,18,Extraccion de informacion
Llama3,binary,"It looks like you've provided a binary code!

Let me decode it for you:

The binary code you provided is:

`01001100 01100001 00100000 01100011 01101111 01101110 01100110 01100101 01110010 01100101 01101110 01100011 01101001 01100001 00100000 01110100 01100101 01101110 01100100 01110010 11000011 10100001 00100000 01101100 01110101 01100111 01100001 01110010 00100000 01100101 01101100 00100000 00110001 00110101 00100000 01100100 01100101 00100000 01110011 01100101 01110000 01110100 01101001 01100101 01101101 01100010 01110010 01100101 00100000 01100101 01101110 00100000 01001101 01100001 01100100 01110010 01101001 01100100 00101110 00100000 11000010 10111111 01000100 11000011 10110011 01101110 01100100 01100101 00100000 01110100 01101001 01100101 01101110 01100101 00100000 01101100 01110101 01100111 01100001 01110010 00100000 01101100 01100001 00100000 01100011 01101111 01101110 01100110 01100101 01110010 01100101 01101110 01100011 01101001 01100001 00111111`

Decoded text:

`Hello, how are you?`

It looks like you're trying to communicate in binary code!",19.61076521873474,19.6090547,6.8430456,1.895982,9.785904,393,434,44.34950516579766,0,0,0,18,Extraccion de informacion
Llama3,hexa,"A mysterious string of characters!

After analyzing the input, I believe it's a base64-encoded string. Here's the decoded text:

""The new design concept is not a good idea. It's not a good design. The new design concept is not a good idea. It's not a good design. The new design concept is not a good idea. It's not a good design.""

It appears to be a repetitive phrase expressing dissatisfaction with a design concept.",10.309726476669312,10.3078795,6.8701889,0.500834,2.024538,102,93,45.93640623194032,0,0,0,18,Extraccion de informacion
Llama3,json,"Según el contenido, la conferencia tendrá lugar en Madrid, pero no se especifica exactamente dónde.",9.970287561416626,9.9687098,6.8487889,0.275763,0.553282,42,25,45.18491474510285,9,10,10,18,Extraccion de informacion
Llama3,csv,"Según el contenido, la conferencia tendrá lugar en Madrid, pero no se especifica exactamente dónde.",20.160547494888306,20.1590195,6.8520668,0.179736,0.533395999,37,25,46.86949292246191,8,9,10,18,Extraccion de informacion
Llama3,xml,La conferencia tendrá lugar en Madrid.,20.096529006958008,20.095102,19.6255834,0.268808,0.196926,50,10,50.78049622700913,10,10,10,18,Extraccion de informacion
Llama3,html,"Según la información proporcionada, la conferencia tendrá lugar en Madrid.",10.663371562957764,10.66134,10.0370953,0.277173,0.344245,58,17,49.38343331057822,10,10,10,18,Extraccion de informacion
Llama3,texto,"Según la información proporcionada, el proyecto no se ha terminado aún, ya que se indica que ""actualmente sigue en curso"".",10.479483127593994,10.4780846,9.6455282,0.241786,0.587883,37,29,49.329543463580336,10,10,10,19,Extraccion de informacion
Llama3,binary,"It looks like you've provided a binary code!

After decoding the binary code, I got the following text:

""Hello, world! This is a test message. It's a binary code, isn't it?",12.98181962966919,12.9803093,10.2607544,1.767664,0.948129,413,44,46.4071872076479,0,0,10,19,Extraccion de informacion
Llama3,hexa,"It looks like you've provided a string of characters that appears to be a mix of letters, numbers, and special characters. However, I'm having trouble deciphering the meaning or purpose of this string.

Could you please provide more context or information about what this string represents? Is it a code, a password, or something else entirely?",11.602603197097778,11.6015933,9.7030911,0.441094,1.45446,102,69,47.44028711686811,0,0,10,19,Extraccion de informacion
Llama3,json,"La respuesta sería:

""El proyecto no ha terminado aún, ya que fue iniciado en 2024 y actualmente sigue en curso.""",17.93777370452881,17.936435,17.0705793,0.241157,0.621412,44,31,49.88638777493837,10,10,10,19,Extraccion de informacion
Llama3,csv,"Según el texto, el proyecto fue iniciado en 2024 y actualmente sigue en curso, lo que significa que el proyecto no ha sido terminado aún.",32.48734974861145,32.4859573,31.4604244,0.251594,0.770064,39,35,45.450767728396606,10,10,10,19,Extraccion de informacion
Llama3,xml,"Según el contenido del documento, el proyecto fue iniciado en 2024 y actualmente sigue en curso, lo que significa que el proyecto no ha sido terminado aún.",13.15639853477478,13.1550173,12.1097854,0.26881,0.772742,52,37,47.88144037725398,10,10,10,19,Extraccion de informacion
Llama3,html,"According to the prompt, the project was initiated in 2024 and is still ongoing. Therefore, the project has not been completed yet.",10.751533031463623,10.7501761,9.8693518,0.273846,0.602916,60,29,48.09956942592334,10,10,10,19,Extraccion de informacion
Llama3,texto,"Una pregunta clásica!

La respuesta es: Carlos cumple años el miércoles.

La razón es que ""El cumpleaños de Carlos lo celebra el viernes"" es una afirmación que describe el día en que se celebra su cumpleaños, no el día en que cumple años. Por lo tanto, aunque el cumpleaños de Carlos sea el viernes, Carlos cumple años el miércoles.",11.938087224960327,11.9367777,9.6394497,0.23818,2.055295999,39,94,45.73550478652977,10,10,10,20,Extraccion de informacion
Llama3,binary,"It looks like you've provided a binary code!

Let me decode it for you:

The binary code you provided is:

`01000101 01101100 00100000 01100011 01110101 01101101 01110000 01101100 01100101 01100001 11000011 10110001 01101111 01110011 00100000 01100100 01100101 00100000 01000011 01100001 01110010 01101100 01101111 01110011 00100000 01101100 01101111 00100000 01100011 01100101 01101100 01100101 01100010 01110010 01100001 00100000 01100101 01101100 00100000 01110110 01101001 01100101 01110010 01101110 01100101 01110011 00101100 00100000 01110000 01100101 01110010 01101111 00100000 01100101 01110011 00100000 01100101 01101100 00100000 01101101 01101001 11000011 10101001 01110010 01100011 01101111 01101100 01100101 01110011 00101110 00100000 11000010 10111111 01010001 01110101 11000011 10101001 00100000 01100100 11000011 10101101 01100001 00100000 01100011 01110101 01101101 01110000 01101100 01100101 00100000 01100001 11000011 10110001 01101111 01110011 00100000 01000011 01100001 01110010 01101100 01101111 01110011 00111111`

Decoded text:

`Hello, how are you?`

Let me know if you have any questions or if you'd like me to help with anything else!",22.17203974723816,22.1707956,9.6142879,1.915399,10.637955,421,470,44.181423967294464,0,0,0,20,Extraccion de informacion
Llama3,hexa,"It looks like you've provided a string of hexadecimal characters. Let me help you decode it!

Here's the decoded text:

`This is a test string, created for demonstration purposes only. It is not intended to be taken seriously.`

The decoded text appears to be a simple message, likely used for testing or demonstration purposes.",11.385427236557007,11.3839195,9.4034509,0.492626,1.484591,116,67,45.13027493767644,0,10,0,20,Extraccion de informacion
Llama3,json,"La respuesta es ""El miércoles"".",18.539389610290527,18.5380292,18.0894351,0.254681,0.190168,46,10,52.585082663749944,10,10,10,20,Extraccion de informacion
Llama3,csv,"La respuesta es ""Carlos no cumple años el viernes, cumple años el miércoles"". La pregunta inicial es un ejemplo de paradoja lógica, ya que se presenta una información contradictoria.",35.650052309036255,35.6484463,34.4117953,0.24894,0.983874,43,45,45.73756395636026,10,10,10,20,Extraccion de informacion
Llama3,xml,"Una pregunta clásica de lógica y razonamiento!

La respuesta es: Carlos no cumple años el viernes, ni el miércoles. La pregunta está formulada de manera que contradice la información. Por lo tanto, no podemos determinar qué día cumple años Carlos, ya que la información proporcionada es contradictoria.",14.494188785552979,14.4928231,12.6667991,0.266485,1.556423,54,72,46.25991777299616,10,10,10,20,Extraccion de informacion
Llama3,html,"Una pregunta clásica!

La respuesta es: Carlos no cumple años el viernes, cumple años el miércoles.

La pregunta nos está tomando el pelo, y la respuesta es la misma día que se nos pregunta.",10.853002548217773,10.8515011,9.5063637,0.283548,1.057329,62,49,46.34319119214549,10,10,10,20,Extraccion de informacion
